iso2,name,nameFi,region,bestEvidence,coveragePercent,officialSales,officialVolume,taxRevenue,customs,model,regulation,patent,legacyStatus,current,missing,sourceLinks
DZ,Algeria,Algeria,Africa,D,0,missing,missing,missing,missing,missing,missing,missing,notTracked,Ei julkista maakohtaista markkinahavaintoa siirretty.,"Virallinen myynti, määrä, verotuotto, tulli-, sääntely- ja patenttievidenssi.",
AO,Angola,Angola,Africa,D,0,missing,missing,missing,missing,missing,missing,missing,notTracked,Ei julkista maakohtaista markkinahavaintoa siirretty.,"Virallinen myynti, määrä, verotuotto, tulli-, sääntely- ja patenttievidenssi.",
BJ,Benin,Benin,Africa,D,0,missing,missing,missing,missing,missing,missing,missing,notTracked,Ei julkista maakohtaista markkinahavaintoa siirretty.,"Virallinen myynti, määrä, verotuotto, tulli-, sääntely- ja patenttievidenssi.",
BW,Botswana,Botswana,Africa,D,0,missing,missing,missing,missing,missing,missing,missing,notTracked,Ei julkista maakohtaista markkinahavaintoa siirretty.,"Virallinen myynti, määrä, verotuotto, tulli-, sääntely- ja patenttievidenssi.",
BF,Burkina Faso,Burkina Faso,Africa,D,0,missing,missing,missing,missing,missing,missing,missing,notTracked,Ei julkista maakohtaista markkinahavaintoa siirretty.,"Virallinen myynti, määrä, verotuotto, tulli-, sääntely- ja patenttievidenssi.",
BI,Burundi,Burundi,Africa,D,0,missing,missing,missing,missing,missing,missing,missing,notTracked,Ei julkista maakohtaista markkinahavaintoa siirretty.,"Virallinen myynti, määrä, verotuotto, tulli-, sääntely- ja patenttievidenssi.",
CV,Cabo Verde,Kap Verde,Africa,D,0,missing,missing,missing,missing,missing,missing,missing,notTracked,Ei julkista maakohtaista markkinahavaintoa siirretty.,"Virallinen myynti, määrä, verotuotto, tulli-, sääntely- ja patenttievidenssi.",
CM,Cameroon,Kamerun,Africa,D,0,missing,missing,missing,missing,missing,missing,missing,notTracked,Ei julkista maakohtaista markkinahavaintoa siirretty.,"Virallinen myynti, määrä, verotuotto, tulli-, sääntely- ja patenttievidenssi.",
CF,Central African Republic,Keski-Afrikan tasavalta,Africa,D,0,missing,missing,missing,missing,missing,missing,missing,notTracked,Ei julkista maakohtaista markkinahavaintoa siirretty.,"Virallinen myynti, määrä, verotuotto, tulli-, sääntely- ja patenttievidenssi.",
TD,Chad,Tšad,Africa,D,0,missing,missing,missing,missing,missing,missing,missing,notTracked,Ei julkista maakohtaista markkinahavaintoa siirretty.,"Virallinen myynti, määrä, verotuotto, tulli-, sääntely- ja patenttievidenssi.",
KM,Comoros,Komorit,Africa,D,0,missing,missing,missing,missing,missing,missing,missing,notTracked,Ei julkista maakohtaista markkinahavaintoa siirretty.,"Virallinen myynti, määrä, verotuotto, tulli-, sääntely- ja patenttievidenssi.",
CG,Congo,Kongon tasavalta,Africa,D,0,missing,missing,missing,missing,missing,missing,missing,notTracked,Ei julkista maakohtaista markkinahavaintoa siirretty.,"Virallinen myynti, määrä, verotuotto, tulli-, sääntely- ja patenttievidenssi.",
CD,Democratic Republic of the Congo,Kongon demokraattinen tasavalta,Africa,D,0,missing,missing,missing,missing,missing,missing,missing,notTracked,Ei julkista maakohtaista markkinahavaintoa siirretty.,"Virallinen myynti, määrä, verotuotto, tulli-, sääntely- ja patenttievidenssi.",
CI,Côte d'Ivoire,Norsunluurannikko,Africa,D,0,missing,missing,missing,missing,missing,missing,missing,notTracked,Ei julkista maakohtaista markkinahavaintoa siirretty.,"Virallinen myynti, määrä, verotuotto, tulli-, sääntely- ja patenttievidenssi.",
DJ,Djibouti,Djibouti,Africa,D,0,missing,missing,missing,missing,missing,missing,missing,notTracked,Ei julkista maakohtaista markkinahavaintoa siirretty.,"Virallinen myynti, määrä, verotuotto, tulli-, sääntely- ja patenttievidenssi.",
EG,Egypt,Egypti,Africa,D,0,missing,missing,missing,missing,missing,missing,missing,notTracked,Ei julkista maakohtaista markkinahavaintoa siirretty.,"Virallinen myynti, määrä, verotuotto, tulli-, sääntely- ja patenttievidenssi.",
GQ,Equatorial Guinea,Päiväntasaajan Guinea,Africa,D,0,missing,missing,missing,missing,missing,missing,missing,notTracked,Ei julkista maakohtaista markkinahavaintoa siirretty.,"Virallinen myynti, määrä, verotuotto, tulli-, sääntely- ja patenttievidenssi.",
ER,Eritrea,Eritrea,Africa,D,0,missing,missing,missing,missing,missing,missing,missing,notTracked,Ei julkista maakohtaista markkinahavaintoa siirretty.,"Virallinen myynti, määrä, verotuotto, tulli-, sääntely- ja patenttievidenssi.",
SZ,Eswatini,Eswatini,Africa,D,0,missing,missing,missing,missing,missing,missing,missing,notTracked,Ei julkista maakohtaista markkinahavaintoa siirretty.,"Virallinen myynti, määrä, verotuotto, tulli-, sääntely- ja patenttievidenssi.",
ET,Ethiopia,Etiopia,Africa,D,0,missing,missing,missing,missing,missing,missing,missing,notTracked,Ei julkista maakohtaista markkinahavaintoa siirretty.,"Virallinen myynti, määrä, verotuotto, tulli-, sääntely- ja patenttievidenssi.",
GA,Gabon,Gabon,Africa,D,0,missing,missing,missing,missing,missing,missing,missing,notTracked,Ei julkista maakohtaista markkinahavaintoa siirretty.,"Virallinen myynti, määrä, verotuotto, tulli-, sääntely- ja patenttievidenssi.",
GM,Gambia,Gambia,Africa,D,0,missing,missing,missing,missing,missing,missing,missing,notTracked,Ei julkista maakohtaista markkinahavaintoa siirretty.,"Virallinen myynti, määrä, verotuotto, tulli-, sääntely- ja patenttievidenssi.",
GH,Ghana,Ghana,Africa,D,0,missing,missing,missing,missing,missing,missing,missing,notTracked,Ei julkista maakohtaista markkinahavaintoa siirretty.,"Virallinen myynti, määrä, verotuotto, tulli-, sääntely- ja patenttievidenssi.",
GN,Guinea,Guinea,Africa,D,0,missing,missing,missing,missing,missing,missing,missing,notTracked,Ei julkista maakohtaista markkinahavaintoa siirretty.,"Virallinen myynti, määrä, verotuotto, tulli-, sääntely- ja patenttievidenssi.",
GW,Guinea-Bissau,Guinea-Bissau,Africa,D,0,missing,missing,missing,missing,missing,missing,missing,notTracked,Ei julkista maakohtaista markkinahavaintoa siirretty.,"Virallinen myynti, määrä, verotuotto, tulli-, sääntely- ja patenttievidenssi.",
KE,Kenya,Kenia,Africa,D,0,missing,missing,missing,missing,missing,missing,missing,notTracked,Ei julkista maakohtaista markkinahavaintoa siirretty.,"Virallinen myynti, määrä, verotuotto, tulli-, sääntely- ja patenttievidenssi.",
LS,Lesotho,Lesotho,Africa,D,0,missing,missing,missing,missing,missing,missing,missing,notTracked,Ei julkista maakohtaista markkinahavaintoa siirretty.,"Virallinen myynti, määrä, verotuotto, tulli-, sääntely- ja patenttievidenssi.",
LR,Liberia,Liberia,Africa,D,0,missing,missing,missing,missing,missing,missing,missing,notTracked,Ei julkista maakohtaista markkinahavaintoa siirretty.,"Virallinen myynti, määrä, verotuotto, tulli-, sääntely- ja patenttievidenssi.",
LY,Libya,Libya,Africa,D,0,missing,missing,missing,missing,missing,missing,missing,notTracked,Ei julkista maakohtaista markkinahavaintoa siirretty.,"Virallinen myynti, määrä, verotuotto, tulli-, sääntely- ja patenttievidenssi.",
MG,Madagascar,Madagaskar,Africa,D,0,missing,missing,missing,missing,missing,missing,missing,notTracked,Ei julkista maakohtaista markkinahavaintoa siirretty.,"Virallinen myynti, määrä, verotuotto, tulli-, sääntely- ja patenttievidenssi.",
MW,Malawi,Malawi,Africa,D,0,missing,missing,missing,missing,missing,missing,missing,notTracked,Ei julkista maakohtaista markkinahavaintoa siirretty.,"Virallinen myynti, määrä, verotuotto, tulli-, sääntely- ja patenttievidenssi.",
ML,Mali,Mali,Africa,D,0,missing,missing,missing,missing,missing,missing,missing,notTracked,Ei julkista maakohtaista markkinahavaintoa siirretty.,"Virallinen myynti, määrä, verotuotto, tulli-, sääntely- ja patenttievidenssi.",
MR,Mauritania,Mauritania,Africa,D,0,missing,missing,missing,missing,missing,missing,missing,notTracked,Ei julkista maakohtaista markkinahavaintoa siirretty.,"Virallinen myynti, määrä, verotuotto, tulli-, sääntely- ja patenttievidenssi.",
MU,Mauritius,Mauritius,Africa,D,0,missing,missing,missing,missing,missing,missing,missing,notTracked,Ei julkista maakohtaista markkinahavaintoa siirretty.,"Virallinen myynti, määrä, verotuotto, tulli-, sääntely- ja patenttievidenssi.",
MA,Morocco,Marokko,Africa,D,0,missing,missing,missing,missing,missing,missing,missing,notTracked,Ei julkista maakohtaista markkinahavaintoa siirretty.,"Virallinen myynti, määrä, verotuotto, tulli-, sääntely- ja patenttievidenssi.",
MZ,Mozambique,Mosambik,Africa,D,0,missing,missing,missing,missing,missing,missing,missing,notTracked,Ei julkista maakohtaista markkinahavaintoa siirretty.,"Virallinen myynti, määrä, verotuotto, tulli-, sääntely- ja patenttievidenssi.",
NA,Namibia,Namibia,Africa,D,0,missing,missing,missing,missing,missing,missing,missing,notTracked,Ei julkista maakohtaista markkinahavaintoa siirretty.,"Virallinen myynti, määrä, verotuotto, tulli-, sääntely- ja patenttievidenssi.",
NE,Niger,Niger,Africa,D,0,missing,missing,missing,missing,missing,missing,missing,notTracked,Ei julkista maakohtaista markkinahavaintoa siirretty.,"Virallinen myynti, määrä, verotuotto, tulli-, sääntely- ja patenttievidenssi.",
NG,Nigeria,Nigeria,Africa,D,0,missing,missing,missing,missing,missing,missing,missing,notTracked,Ei julkista maakohtaista markkinahavaintoa siirretty.,"Virallinen myynti, määrä, verotuotto, tulli-, sääntely- ja patenttievidenssi.",
RW,Rwanda,Ruanda,Africa,D,0,missing,missing,missing,missing,missing,missing,missing,notTracked,Ei julkista maakohtaista markkinahavaintoa siirretty.,"Virallinen myynti, määrä, verotuotto, tulli-, sääntely- ja patenttievidenssi.",
ST,Sao Tome and Principe,São Tomé ja Príncipe,Africa,D,0,missing,missing,missing,missing,missing,missing,missing,notTracked,Ei julkista maakohtaista markkinahavaintoa siirretty.,"Virallinen myynti, määrä, verotuotto, tulli-, sääntely- ja patenttievidenssi.",
SN,Senegal,Senegal,Africa,D,0,missing,missing,missing,missing,missing,missing,missing,notTracked,Ei julkista maakohtaista markkinahavaintoa siirretty.,"Virallinen myynti, määrä, verotuotto, tulli-, sääntely- ja patenttievidenssi.",
SC,Seychelles,Seychellit,Africa,D,0,missing,missing,missing,missing,missing,missing,missing,notTracked,Ei julkista maakohtaista markkinahavaintoa siirretty.,"Virallinen myynti, määrä, verotuotto, tulli-, sääntely- ja patenttievidenssi.",
SL,Sierra Leone,Sierra Leone,Africa,D,0,missing,missing,missing,missing,missing,missing,missing,notTracked,Ei julkista maakohtaista markkinahavaintoa siirretty.,"Virallinen myynti, määrä, verotuotto, tulli-, sääntely- ja patenttievidenssi.",
SO,Somalia,Somalia,Africa,D,0,missing,missing,missing,missing,missing,missing,missing,notTracked,Ei julkista maakohtaista markkinahavaintoa siirretty.,"Virallinen myynti, määrä, verotuotto, tulli-, sääntely- ja patenttievidenssi.",
ZA,South Africa,Etelä-Afrikka,Africa,D,0,missing,missing,missing,missing,missing,missing,missing,notTracked,Ei julkista maakohtaista markkinahavaintoa siirretty.,"Virallinen myynti, määrä, verotuotto, tulli-, sääntely- ja patenttievidenssi.",
SS,South Sudan,Etelä-Sudan,Africa,D,0,missing,missing,missing,missing,missing,missing,missing,notTracked,Ei julkista maakohtaista markkinahavaintoa siirretty.,"Virallinen myynti, määrä, verotuotto, tulli-, sääntely- ja patenttievidenssi.",
SD,Sudan,Sudan,Africa,D,0,missing,missing,missing,missing,missing,missing,missing,notTracked,Ei julkista maakohtaista markkinahavaintoa siirretty.,"Virallinen myynti, määrä, verotuotto, tulli-, sääntely- ja patenttievidenssi.",
TZ,United Republic of Tanzania,Tansania,Africa,D,0,missing,missing,missing,missing,missing,missing,missing,notTracked,Ei julkista maakohtaista markkinahavaintoa siirretty.,"Virallinen myynti, määrä, verotuotto, tulli-, sääntely- ja patenttievidenssi.",
TG,Togo,Togo,Africa,D,0,missing,missing,missing,missing,missing,missing,missing,notTracked,Ei julkista maakohtaista markkinahavaintoa siirretty.,"Virallinen myynti, määrä, verotuotto, tulli-, sääntely- ja patenttievidenssi.",
TN,Tunisia,Tunisia,Africa,D,0,missing,missing,missing,missing,missing,missing,missing,notTracked,Ei julkista maakohtaista markkinahavaintoa siirretty.,"Virallinen myynti, määrä, verotuotto, tulli-, sääntely- ja patenttievidenssi.",
UG,Uganda,Uganda,Africa,D,0,missing,missing,missing,missing,missing,missing,missing,notTracked,Ei julkista maakohtaista markkinahavaintoa siirretty.,"Virallinen myynti, määrä, verotuotto, tulli-, sääntely- ja patenttievidenssi.",
ZM,Zambia,Sambia,Africa,D,0,missing,missing,missing,missing,missing,missing,missing,notTracked,Ei julkista maakohtaista markkinahavaintoa siirretty.,"Virallinen myynti, määrä, verotuotto, tulli-, sääntely- ja patenttievidenssi.",
ZW,Zimbabwe,Zimbabwe,Africa,D,0,missing,missing,missing,missing,missing,missing,missing,notTracked,Ei julkista maakohtaista markkinahavaintoa siirretty.,"Virallinen myynti, määrä, verotuotto, tulli-, sääntely- ja patenttievidenssi.",
AG,Antigua and Barbuda,Antigua ja Barbuda,Americas,D,0,missing,missing,missing,missing,missing,missing,missing,notTracked,Ei julkista maakohtaista markkinahavaintoa siirretty.,"Virallinen myynti, määrä, verotuotto, tulli-, sääntely- ja patenttievidenssi.",
AR,Argentina,Argentiina,Americas,D,0,missing,missing,missing,missing,missing,missing,missing,notTracked,Ei julkista maakohtaista markkinahavaintoa siirretty.,"Virallinen myynti, määrä, verotuotto, tulli-, sääntely- ja patenttievidenssi.",
BS,Bahamas,Bahama,Americas,D,0,missing,missing,missing,missing,missing,missing,missing,notTracked,Ei julkista maakohtaista markkinahavaintoa siirretty.,"Virallinen myynti, määrä, verotuotto, tulli-, sääntely- ja patenttievidenssi.",
BB,Barbados,Barbados,Americas,D,0,missing,missing,missing,missing,missing,missing,missing,notTracked,Ei julkista maakohtaista markkinahavaintoa siirretty.,"Virallinen myynti, määrä, verotuotto, tulli-, sääntely- ja patenttievidenssi.",
BZ,Belize,Belize,Americas,D,0,missing,missing,missing,missing,missing,missing,missing,notTracked,Ei julkista maakohtaista markkinahavaintoa siirretty.,"Virallinen myynti, määrä, verotuotto, tulli-, sääntely- ja patenttievidenssi.",
BO,Bolivia,Bolivia,Americas,D,0,missing,missing,missing,missing,missing,missing,missing,notTracked,Ei julkista maakohtaista markkinahavaintoa siirretty.,"Virallinen myynti, määrä, verotuotto, tulli-, sääntely- ja patenttievidenssi.",
BR,Brazil,Brasilia,Americas,B,12,missing,missing,missing,missing,missing,verified,missing,sourceLinksOnly,Julkisia lähdeviitteitä on tunnistettu. Tämä baseline ei siirrä upstreamin vapaamuotoista maakuvausta eikä itsessään osoita vahvistettua vuosimyyntiä.,"Virallinen vuosittainen laite- ja nestemyynti, verollinen määrä, verotuotto sekä lähteiden välinen markkinatäsmäytys on vahvistettava erikseen.",https://cdn.who.int/media/docs/default-source/country-profiles/tobacco/gtrc-2025/tobacco-2025-bra.pdf
CA,Canada,Kanada,Americas,A,71,verified,verified,partial,verified,missing,verified,missing,sourceLinksOnly,Julkisia lähdeviitteitä on tunnistettu. Tämä baseline ei siirrä upstreamin vapaamuotoista maakuvausta eikä itsessään osoita vahvistettua vuosimyyntiä.,"Virallinen vuosittainen laite- ja nestemyynti, verollinen määrä, verotuotto sekä lähteiden välinen markkinatäsmäytys on vahvistettava erikseen.",https://cdn.who.int/media/docs/default-source/country-profiles/tobacco/gtrc-2025/tobacco-2025-can.pdf|https://comtradeplus.un.org/|https://health-infobase.canada.ca/substance-use/vaping/sales/|https://www.canada.ca/en/department-finance/corporate/transparency/plans-performance/financial-statements/2025.html|https://www.canada.ca/en/revenue-agency/services/tax/technical-information/excise-duty/rates.html|https://www150.statcan.gc.ca/n1/en/catalogue/71-607-X2021004
CL,Chile,Chile,Americas,D,0,missing,missing,missing,missing,missing,missing,missing,notTracked,Ei julkista maakohtaista markkinahavaintoa siirretty.,"Virallinen myynti, määrä, verotuotto, tulli-, sääntely- ja patenttievidenssi.",
CO,Colombia,Kolumbia,Americas,D,0,missing,missing,missing,missing,missing,missing,missing,notTracked,Ei julkista maakohtaista markkinahavaintoa siirretty.,"Virallinen myynti, määrä, verotuotto, tulli-, sääntely- ja patenttievidenssi.",
CR,Costa Rica,Costa Rica,Americas,D,0,missing,missing,missing,missing,missing,missing,missing,notTracked,Ei julkista maakohtaista markkinahavaintoa siirretty.,"Virallinen myynti, määrä, verotuotto, tulli-, sääntely- ja patenttievidenssi.",
CU,Cuba,Kuuba,Americas,D,0,missing,missing,missing,missing,missing,missing,missing,notTracked,Ei julkista maakohtaista markkinahavaintoa siirretty.,"Virallinen myynti, määrä, verotuotto, tulli-, sääntely- ja patenttievidenssi.",
DM,Dominica,Dominica,Americas,D,0,missing,missing,missing,missing,missing,missing,missing,notTracked,Ei julkista maakohtaista markkinahavaintoa siirretty.,"Virallinen myynti, määrä, verotuotto, tulli-, sääntely- ja patenttievidenssi.",
DO,Dominican Republic,Dominikaaninen tasavalta,Americas,D,0,missing,missing,missing,missing,missing,missing,missing,notTracked,Ei julkista maakohtaista markkinahavaintoa siirretty.,"Virallinen myynti, määrä, verotuotto, tulli-, sääntely- ja patenttievidenssi.",
EC,Ecuador,Ecuador,Americas,D,0,missing,missing,missing,missing,missing,missing,missing,notTracked,Ei julkista maakohtaista markkinahavaintoa siirretty.,"Virallinen myynti, määrä, verotuotto, tulli-, sääntely- ja patenttievidenssi.",
SV,El Salvador,El Salvador,Americas,D,0,missing,missing,missing,missing,missing,missing,missing,notTracked,Ei julkista maakohtaista markkinahavaintoa siirretty.,"Virallinen myynti, määrä, verotuotto, tulli-, sääntely- ja patenttievidenssi.",
GD,Grenada,Grenada,Americas,D,0,missing,missing,missing,missing,missing,missing,missing,notTracked,Ei julkista maakohtaista markkinahavaintoa siirretty.,"Virallinen myynti, määrä, verotuotto, tulli-, sääntely- ja patenttievidenssi.",
GT,Guatemala,Guatemala,Americas,D,0,missing,missing,missing,missing,missing,missing,missing,notTracked,Ei julkista maakohtaista markkinahavaintoa siirretty.,"Virallinen myynti, määrä, verotuotto, tulli-, sääntely- ja patenttievidenssi.",
GY,Guyana,Guyana,Americas,D,0,missing,missing,missing,missing,missing,missing,missing,notTracked,Ei julkista maakohtaista markkinahavaintoa siirretty.,"Virallinen myynti, määrä, verotuotto, tulli-, sääntely- ja patenttievidenssi.",
HT,Haiti,Haiti,Americas,D,0,missing,missing,missing,missing,missing,missing,missing,notTracked,Ei julkista maakohtaista markkinahavaintoa siirretty.,"Virallinen myynti, määrä, verotuotto, tulli-, sääntely- ja patenttievidenssi.",
HN,Honduras,Honduras,Americas,D,0,missing,missing,missing,missing,missing,missing,missing,notTracked,Ei julkista maakohtaista markkinahavaintoa siirretty.,"Virallinen myynti, määrä, verotuotto, tulli-, sääntely- ja patenttievidenssi.",
JM,Jamaica,Jamaika,Americas,D,0,missing,missing,missing,missing,missing,missing,missing,notTracked,Ei julkista maakohtaista markkinahavaintoa siirretty.,"Virallinen myynti, määrä, verotuotto, tulli-, sääntely- ja patenttievidenssi.",
MX,Mexico,Meksiko,Americas,D,0,missing,missing,missing,missing,missing,missing,missing,notTracked,Ei julkista maakohtaista markkinahavaintoa siirretty.,"Virallinen myynti, määrä, verotuotto, tulli-, sääntely- ja patenttievidenssi.",
NI,Nicaragua,Nicaragua,Americas,D,0,missing,missing,missing,missing,missing,missing,missing,notTracked,Ei julkista maakohtaista markkinahavaintoa siirretty.,"Virallinen myynti, määrä, verotuotto, tulli-, sääntely- ja patenttievidenssi.",
PA,Panama,Panama,Americas,D,0,missing,missing,missing,missing,missing,missing,missing,notTracked,Ei julkista maakohtaista markkinahavaintoa siirretty.,"Virallinen myynti, määrä, verotuotto, tulli-, sääntely- ja patenttievidenssi.",
PY,Paraguay,Paraguay,Americas,D,0,missing,missing,missing,missing,missing,missing,missing,notTracked,Ei julkista maakohtaista markkinahavaintoa siirretty.,"Virallinen myynti, määrä, verotuotto, tulli-, sääntely- ja patenttievidenssi.",
PE,Peru,Peru,Americas,D,0,missing,missing,missing,missing,missing,missing,missing,notTracked,Ei julkista maakohtaista markkinahavaintoa siirretty.,"Virallinen myynti, määrä, verotuotto, tulli-, sääntely- ja patenttievidenssi.",
KN,Saint Kitts and Nevis,Saint Kitts ja Nevis,Americas,D,0,missing,missing,missing,missing,missing,missing,missing,notTracked,Ei julkista maakohtaista markkinahavaintoa siirretty.,"Virallinen myynti, määrä, verotuotto, tulli-, sääntely- ja patenttievidenssi.",
LC,Saint Lucia,Saint Lucia,Americas,D,0,missing,missing,missing,missing,missing,missing,missing,notTracked,Ei julkista maakohtaista markkinahavaintoa siirretty.,"Virallinen myynti, määrä, verotuotto, tulli-, sääntely- ja patenttievidenssi.",
VC,Saint Vincent and the Grenadines,Saint Vincent ja Grenadiinit,Americas,D,0,missing,missing,missing,missing,missing,missing,missing,notTracked,Ei julkista maakohtaista markkinahavaintoa siirretty.,"Virallinen myynti, määrä, verotuotto, tulli-, sääntely- ja patenttievidenssi.",
SR,Suriname,Suriname,Americas,D,0,missing,missing,missing,missing,missing,missing,missing,notTracked,Ei julkista maakohtaista markkinahavaintoa siirretty.,"Virallinen myynti, määrä, verotuotto, tulli-, sääntely- ja patenttievidenssi.",
TT,Trinidad and Tobago,Trinidad ja Tobago,Americas,D,0,missing,missing,missing,missing,missing,missing,missing,notTracked,Ei julkista maakohtaista markkinahavaintoa siirretty.,"Virallinen myynti, määrä, verotuotto, tulli-, sääntely- ja patenttievidenssi.",
US,United States of America,Yhdysvallat,Americas,B,31,partial,missing,missing,verified,missing,partial,missing,sourceLinksOnly,Julkisia lähdeviitteitä on tunnistettu. Tämä baseline ei siirrä upstreamin vapaamuotoista maakuvausta eikä itsessään osoita vahvistettua vuosimyyntiä.,"Virallinen vuosittainen laite- ja nestemyynti, verollinen määrä, verotuotto sekä lähteiden välinen markkinatäsmäytys on vahvistettava erikseen.",https://cdn.who.int/media/docs/default-source/country-profiles/tobacco/gtrc-2025/tobacco-2025-usa.pdf|https://comtradeplus.un.org/|https://www.cdc.gov/statesystem/factsheets/ecigarette/ECigTax.html|https://www.census.gov/foreign-trade/data/IMDB.html|https://www.ftc.gov/reports/e-cigarette-report-2021
UY,Uruguay,Uruguay,Americas,D,0,missing,missing,missing,missing,missing,missing,missing,notTracked,Ei julkista maakohtaista markkinahavaintoa siirretty.,"Virallinen myynti, määrä, verotuotto, tulli-, sääntely- ja patenttievidenssi.",
VE,Venezuela,Venezuela,Americas,D,0,missing,missing,missing,missing,missing,missing,missing,notTracked,Ei julkista maakohtaista markkinahavaintoa siirretty.,"Virallinen myynti, määrä, verotuotto, tulli-, sääntely- ja patenttievidenssi.",
AF,Afghanistan,Afganistan,Asia,D,0,missing,missing,missing,missing,missing,missing,missing,notTracked,Ei julkista maakohtaista markkinahavaintoa siirretty.,"Virallinen myynti, määrä, verotuotto, tulli-, sääntely- ja patenttievidenssi.",
AM,Armenia,Armenia,Asia,D,0,missing,missing,missing,missing,missing,missing,missing,notTracked,Ei julkista maakohtaista markkinahavaintoa siirretty.,"Virallinen myynti, määrä, verotuotto, tulli-, sääntely- ja patenttievidenssi.",
AZ,Azerbaijan,Azerbaidžan,Asia,D,0,missing,missing,missing,missing,missing,missing,missing,notTracked,Ei julkista maakohtaista markkinahavaintoa siirretty.,"Virallinen myynti, määrä, verotuotto, tulli-, sääntely- ja patenttievidenssi.",
BH,Bahrain,Bahrain,Asia,D,0,missing,missing,missing,missing,missing,missing,missing,notTracked,Ei julkista maakohtaista markkinahavaintoa siirretty.,"Virallinen myynti, määrä, verotuotto, tulli-, sääntely- ja patenttievidenssi.",
BD,Bangladesh,Bangladesh,Asia,D,0,missing,missing,missing,missing,missing,missing,missing,notTracked,Ei julkista maakohtaista markkinahavaintoa siirretty.,"Virallinen myynti, määrä, verotuotto, tulli-, sääntely- ja patenttievidenssi.",
BT,Bhutan,Bhutan,Asia,D,0,missing,missing,missing,missing,missing,missing,missing,notTracked,Ei julkista maakohtaista markkinahavaintoa siirretty.,"Virallinen myynti, määrä, verotuotto, tulli-, sääntely- ja patenttievidenssi.",
BN,Brunei Darussalam,Brunei,Asia,D,0,missing,missing,missing,missing,missing,missing,missing,notTracked,Ei julkista maakohtaista markkinahavaintoa siirretty.,"Virallinen myynti, määrä, verotuotto, tulli-, sääntely- ja patenttievidenssi.",
KH,Cambodia,Kambodža,Asia,D,0,missing,missing,missing,missing,missing,missing,missing,notTracked,Ei julkista maakohtaista markkinahavaintoa siirretty.,"Virallinen myynti, määrä, verotuotto, tulli-, sääntely- ja patenttievidenssi.",
CN,China,Kiina,Asia,B,13,missing,missing,missing,partial,missing,partial,missing,sourceLinksOnly,Julkisia lähdeviitteitä on tunnistettu. Tämä baseline ei siirrä upstreamin vapaamuotoista maakuvausta eikä itsessään osoita vahvistettua vuosimyyntiä.,"Virallinen vuosittainen laite- ja nestemyynti, verollinen määrä, verotuotto sekä lähteiden välinen markkinatäsmäytys on vahvistettava erikseen.",https://cdn.who.int/media/docs/default-source/country-profiles/tobacco/gtrc-2025/tobacco-2025-chn.pdf|https://jsz.mof.gov.cn/zhengcefagui/202210/t20221028_3848463.htm|https://online.customs.gov.cn/static/pages/guides/002029004002/002029004002.html
CY,Cyprus,Kypros,Asia,C,6,missing,missing,missing,missing,missing,partial,missing,notTracked,Julkinen sääntely- tai lähdereitti on tunnistettu; maakohtaista toteutunutta markkinamyyntiä ei ole siirretty.,"Virallinen vuosittainen laite- ja nestemyynti, verollinen määrä, verotuotto ja markkinatäsmäytys.",https://eur-lex.europa.eu/legal-content/EN/TXT/?uri=celex%3A32014L0040
GE,Georgia,Georgia,Asia,D,0,missing,missing,missing,missing,missing,missing,missing,notTracked,Ei julkista maakohtaista markkinahavaintoa siirretty.,"Virallinen myynti, määrä, verotuotto, tulli-, sääntely- ja patenttievidenssi.",
IN,India,Intia,Asia,D,0,missing,missing,missing,missing,missing,missing,missing,notTracked,Ei julkista maakohtaista markkinahavaintoa siirretty.,"Virallinen myynti, määrä, verotuotto, tulli-, sääntely- ja patenttievidenssi.",
ID,Indonesia,Indonesia,Asia,D,0,missing,missing,missing,missing,missing,missing,missing,notTracked,Ei julkista maakohtaista markkinahavaintoa siirretty.,"Virallinen myynti, määrä, verotuotto, tulli-, sääntely- ja patenttievidenssi.",
IR,Iran,Iran,Asia,D,0,missing,missing,missing,missing,missing,missing,missing,notTracked,Ei julkista maakohtaista markkinahavaintoa siirretty.,"Virallinen myynti, määrä, verotuotto, tulli-, sääntely- ja patenttievidenssi.",
IQ,Iraq,Irak,Asia,D,0,missing,missing,missing,missing,missing,missing,missing,notTracked,Ei julkista maakohtaista markkinahavaintoa siirretty.,"Virallinen myynti, määrä, verotuotto, tulli-, sääntely- ja patenttievidenssi.",
IL,Israel,Israel,Asia,D,0,missing,missing,missing,missing,missing,missing,missing,notTracked,Ei julkista maakohtaista markkinahavaintoa siirretty.,"Virallinen myynti, määrä, verotuotto, tulli-, sääntely- ja patenttievidenssi.",
JP,Japan,Japani,Asia,B,20,missing,missing,missing,verified,missing,partial,missing,sourceLinksOnly,Julkisia lähdeviitteitä on tunnistettu. Tämä baseline ei siirrä upstreamin vapaamuotoista maakuvausta eikä itsessään osoita vahvistettua vuosimyyntiä.,"Virallinen vuosittainen laite- ja nestemyynti, verollinen määrä, verotuotto sekä lähteiden välinen markkinatäsmäytys on vahvistettava erikseen.",https://cdn.who.int/media/docs/default-source/country-profiles/tobacco/gtrc-2025/tobacco-2025-jpn.pdf|https://comtradeplus.un.org/|https://www.customs.go.jp/toukei/sankou/howto/gaiyou_e.htm|https://www.e-stat.go.jp/en/stat-search/files?bunya_l=16&cycle=1&layout=dataset&page=1&second=1&tclass1=000001013180&tclass2=000001013182&tclass3val=0&toukei=00350300&tstat=000001013141
JO,Jordan,Jordania,Asia,D,0,missing,missing,missing,missing,missing,missing,missing,notTracked,Ei julkista maakohtaista markkinahavaintoa siirretty.,"Virallinen myynti, määrä, verotuotto, tulli-, sääntely- ja patenttievidenssi.",
KZ,Kazakhstan,Kazakstan,Asia,D,0,missing,missing,missing,missing,missing,missing,missing,notTracked,Ei julkista maakohtaista markkinahavaintoa siirretty.,"Virallinen myynti, määrä, verotuotto, tulli-, sääntely- ja patenttievidenssi.",
KP,Democratic People's Republic of Korea,Pohjois-Korea,Asia,D,0,missing,missing,missing,missing,missing,missing,missing,notTracked,Ei julkista maakohtaista markkinahavaintoa siirretty.,"Virallinen myynti, määrä, verotuotto, tulli-, sääntely- ja patenttievidenssi.",
KR,Republic of Korea,Etelä-Korea,Asia,B,13,missing,missing,missing,partial,missing,partial,missing,sourceLinksOnly,Julkisia lähdeviitteitä on tunnistettu. Tämä baseline ei siirrä upstreamin vapaamuotoista maakuvausta eikä itsessään osoita vahvistettua vuosimyyntiä.,"Virallinen vuosittainen laite- ja nestemyynti, verollinen määrä, verotuotto sekä lähteiden välinen markkinatäsmäytys on vahvistettava erikseen.",https://cdn.who.int/media/docs/default-source/country-profiles/tobacco/gtrc-2025/tobacco-2025-kor.pdf|https://tradedata.go.kr/cts/index_eng.do
KW,Kuwait,Kuwait,Asia,D,0,missing,missing,missing,missing,missing,missing,missing,notTracked,Ei julkista maakohtaista markkinahavaintoa siirretty.,"Virallinen myynti, määrä, verotuotto, tulli-, sääntely- ja patenttievidenssi.",
KG,Kyrgyzstan,Kirgisia,Asia,D,0,missing,missing,missing,missing,missing,missing,missing,notTracked,Ei julkista maakohtaista markkinahavaintoa siirretty.,"Virallinen myynti, määrä, verotuotto, tulli-, sääntely- ja patenttievidenssi.",
LA,Lao People's Democratic Republic,Laos,Asia,D,0,missing,missing,missing,missing,missing,missing,missing,notTracked,Ei julkista maakohtaista markkinahavaintoa siirretty.,"Virallinen myynti, määrä, verotuotto, tulli-, sääntely- ja patenttievidenssi.",
LB,Lebanon,Libanon,Asia,D,0,missing,missing,missing,missing,missing,missing,missing,notTracked,Ei julkista maakohtaista markkinahavaintoa siirretty.,"Virallinen myynti, määrä, verotuotto, tulli-, sääntely- ja patenttievidenssi.",
MY,Malaysia,Malesia,Asia,D,0,missing,missing,missing,missing,missing,missing,missing,notTracked,Ei julkista maakohtaista markkinahavaintoa siirretty.,"Virallinen myynti, määrä, verotuotto, tulli-, sääntely- ja patenttievidenssi.",
MV,Maldives,Malediivit,Asia,D,0,missing,missing,missing,missing,missing,missing,missing,notTracked,Ei julkista maakohtaista markkinahavaintoa siirretty.,"Virallinen myynti, määrä, verotuotto, tulli-, sääntely- ja patenttievidenssi.",
MN,Mongolia,Mongolia,Asia,D,0,missing,missing,missing,missing,missing,missing,missing,notTracked,Ei julkista maakohtaista markkinahavaintoa siirretty.,"Virallinen myynti, määrä, verotuotto, tulli-, sääntely- ja patenttievidenssi.",
MM,Myanmar,Myanmar,Asia,D,0,missing,missing,missing,missing,missing,missing,missing,notTracked,Ei julkista maakohtaista markkinahavaintoa siirretty.,"Virallinen myynti, määrä, verotuotto, tulli-, sääntely- ja patenttievidenssi.",
NP,Nepal,Nepal,Asia,D,0,missing,missing,missing,missing,missing,missing,missing,notTracked,Ei julkista maakohtaista markkinahavaintoa siirretty.,"Virallinen myynti, määrä, verotuotto, tulli-, sääntely- ja patenttievidenssi.",
OM,Oman,Oman,Asia,D,0,missing,missing,missing,missing,missing,missing,missing,notTracked,Ei julkista maakohtaista markkinahavaintoa siirretty.,"Virallinen myynti, määrä, verotuotto, tulli-, sääntely- ja patenttievidenssi.",
PK,Pakistan,Pakistan,Asia,D,0,missing,missing,missing,missing,missing,missing,missing,notTracked,Ei julkista maakohtaista markkinahavaintoa siirretty.,"Virallinen myynti, määrä, verotuotto, tulli-, sääntely- ja patenttievidenssi.",
PS,State of Palestine,Palestiinan valtio,Asia,D,0,missing,missing,missing,missing,missing,missing,missing,notTracked,Ei julkista maakohtaista markkinahavaintoa siirretty.,"Virallinen myynti, määrä, verotuotto, tulli-, sääntely- ja patenttievidenssi.",
PH,Philippines,Filippiinit,Asia,D,0,missing,missing,missing,missing,missing,missing,missing,notTracked,Ei julkista maakohtaista markkinahavaintoa siirretty.,"Virallinen myynti, määrä, verotuotto, tulli-, sääntely- ja patenttievidenssi.",
QA,Qatar,Qatar,Asia,D,0,missing,missing,missing,missing,missing,missing,missing,notTracked,Ei julkista maakohtaista markkinahavaintoa siirretty.,"Virallinen myynti, määrä, verotuotto, tulli-, sääntely- ja patenttievidenssi.",
SA,Saudi Arabia,Saudi-Arabia,Asia,D,0,missing,missing,missing,missing,missing,missing,missing,notTracked,Ei julkista maakohtaista markkinahavaintoa siirretty.,"Virallinen myynti, määrä, verotuotto, tulli-, sääntely- ja patenttievidenssi.",
SG,Singapore,Singapore,Asia,D,0,missing,missing,missing,missing,missing,missing,missing,notTracked,Ei julkista maakohtaista markkinahavaintoa siirretty.,"Virallinen myynti, määrä, verotuotto, tulli-, sääntely- ja patenttievidenssi.",
LK,Sri Lanka,Sri Lanka,Asia,D,0,missing,missing,missing,missing,missing,missing,missing,notTracked,Ei julkista maakohtaista markkinahavaintoa siirretty.,"Virallinen myynti, määrä, verotuotto, tulli-, sääntely- ja patenttievidenssi.",
SY,Syrian Arab Republic,Syyria,Asia,D,0,missing,missing,missing,missing,missing,missing,missing,notTracked,Ei julkista maakohtaista markkinahavaintoa siirretty.,"Virallinen myynti, määrä, verotuotto, tulli-, sääntely- ja patenttievidenssi.",
TJ,Tajikistan,Tadžikistan,Asia,D,0,missing,missing,missing,missing,missing,missing,missing,notTracked,Ei julkista maakohtaista markkinahavaintoa siirretty.,"Virallinen myynti, määrä, verotuotto, tulli-, sääntely- ja patenttievidenssi.",
TH,Thailand,Thaimaa,Asia,D,0,missing,missing,missing,missing,missing,missing,missing,notTracked,Ei julkista maakohtaista markkinahavaintoa siirretty.,"Virallinen myynti, määrä, verotuotto, tulli-, sääntely- ja patenttievidenssi.",
TL,Timor-Leste,Itä-Timor,Asia,D,0,missing,missing,missing,missing,missing,missing,missing,notTracked,Ei julkista maakohtaista markkinahavaintoa siirretty.,"Virallinen myynti, määrä, verotuotto, tulli-, sääntely- ja patenttievidenssi.",
TR,Türkiye,Turkki,Asia,D,0,missing,missing,missing,missing,missing,missing,missing,notTracked,Ei julkista maakohtaista markkinahavaintoa siirretty.,"Virallinen myynti, määrä, verotuotto, tulli-, sääntely- ja patenttievidenssi.",
TM,Turkmenistan,Turkmenistan,Asia,D,0,missing,missing,missing,missing,missing,missing,missing,notTracked,Ei julkista maakohtaista markkinahavaintoa siirretty.,"Virallinen myynti, määrä, verotuotto, tulli-, sääntely- ja patenttievidenssi.",
AE,United Arab Emirates,Yhdistyneet arabiemiirikunnat,Asia,D,0,missing,missing,missing,missing,missing,missing,missing,notTracked,Ei julkista maakohtaista markkinahavaintoa siirretty.,"Virallinen myynti, määrä, verotuotto, tulli-, sääntely- ja patenttievidenssi.",
UZ,Uzbekistan,Uzbekistan,Asia,D,0,missing,missing,missing,missing,missing,missing,missing,notTracked,Ei julkista maakohtaista markkinahavaintoa siirretty.,"Virallinen myynti, määrä, verotuotto, tulli-, sääntely- ja patenttievidenssi.",
VN,Viet Nam,Vietnam,Asia,D,0,missing,missing,missing,missing,missing,missing,missing,notTracked,Ei julkista maakohtaista markkinahavaintoa siirretty.,"Virallinen myynti, määrä, verotuotto, tulli-, sääntely- ja patenttievidenssi.",
YE,Yemen,Jemen,Asia,D,0,missing,missing,missing,missing,missing,missing,missing,notTracked,Ei julkista maakohtaista markkinahavaintoa siirretty.,"Virallinen myynti, määrä, verotuotto, tulli-, sääntely- ja patenttievidenssi.",
AL,Albania,Albania,Europe,D,0,missing,missing,missing,missing,missing,missing,missing,notTracked,Ei julkista maakohtaista markkinahavaintoa siirretty.,"Virallinen myynti, määrä, verotuotto, tulli-, sääntely- ja patenttievidenssi.",
AD,Andorra,Andorra,Europe,D,0,missing,missing,missing,missing,missing,missing,missing,notTracked,Ei julkista maakohtaista markkinahavaintoa siirretty.,"Virallinen myynti, määrä, verotuotto, tulli-, sääntely- ja patenttievidenssi.",
AT,Austria,Itävalta,Europe,B,20,missing,missing,missing,verified,missing,partial,missing,sourceLinksOnly,Julkisia lähdeviitteitä on tunnistettu. Tämä baseline ei siirrä upstreamin vapaamuotoista maakuvausta eikä itsessään osoita vahvistettua vuosimyyntiä.,"Virallinen vuosittainen laite- ja nestemyynti, verollinen määrä, verotuotto sekä lähteiden välinen markkinatäsmäytys on vahvistettava erikseen.",https://cdn.who.int/media/docs/default-source/country-profiles/tobacco/gtrc-2025/tobacco-2025-aut.pdf|https://ec.europa.eu/eurostat/web/international-trade-in-goods/database|https://eur-lex.europa.eu/legal-content/EN/TXT/?uri=celex%3A32014L0040|https://www.parlament.gv.at/fachinfos/budgetdienst/Betrugsbekaempfungspaket-und-Abgabenaenderungsgesetz-2025|https://www.ris.bka.gv.at/NormDokument.wxe?Abfrage=Bundesnormen&Anlage=&Artikel=&Gesetzesnummer=10004877&Paragraf=4&Uebergangsrecht=
BY,Belarus,Valko-Venäjä,Europe,D,0,missing,missing,missing,missing,missing,missing,missing,notTracked,Ei julkista maakohtaista markkinahavaintoa siirretty.,"Virallinen myynti, määrä, verotuotto, tulli-, sääntely- ja patenttievidenssi.",
BE,Belgium,Belgia,Europe,B,20,missing,missing,missing,verified,missing,partial,missing,sourceLinksOnly,Julkisia lähdeviitteitä on tunnistettu. Tämä baseline ei siirrä upstreamin vapaamuotoista maakuvausta eikä itsessään osoita vahvistettua vuosimyyntiä.,"Virallinen vuosittainen laite- ja nestemyynti, verollinen määrä, verotuotto sekä lähteiden välinen markkinatäsmäytys on vahvistettava erikseen.",https://cdn.who.int/media/docs/default-source/country-profiles/tobacco/gtrc-2025/tobacco-2025-bel.pdf|https://ec.europa.eu/eurostat/web/international-trade-in-goods/database|https://eur-lex.europa.eu/legal-content/EN/TXT/?uri=celex%3A32014L0040|https://financien.belgium.be/nl/douane_accijnzen/ondernemingen/accijnzen/algemene_informatie/accijnstarieven|https://www.ejustice.just.fgov.be/cgi/article_body.pl?language=fr&caller=summary&pub_date=23-12-29&numac=2023048600
BA,Bosnia and Herzegovina,Bosnia ja Hertsegovina,Europe,D,0,missing,missing,missing,missing,missing,missing,missing,notTracked,Ei julkista maakohtaista markkinahavaintoa siirretty.,"Virallinen myynti, määrä, verotuotto, tulli-, sääntely- ja patenttievidenssi.",
BG,Bulgaria,Bulgaria,Europe,C,6,missing,missing,missing,missing,missing,partial,missing,notTracked,Julkinen sääntely- tai lähdereitti on tunnistettu; maakohtaista toteutunutta markkinamyyntiä ei ole siirretty.,"Virallinen vuosittainen laite- ja nestemyynti, verollinen määrä, verotuotto ja markkinatäsmäytys.",https://eur-lex.europa.eu/legal-content/EN/TXT/?uri=celex%3A32014L0040
HR,Croatia,Kroatia,Europe,C,6,missing,missing,missing,missing,missing,partial,missing,notTracked,Julkinen sääntely- tai lähdereitti on tunnistettu; maakohtaista toteutunutta markkinamyyntiä ei ole siirretty.,"Virallinen vuosittainen laite- ja nestemyynti, verollinen määrä, verotuotto ja markkinatäsmäytys.",https://eur-lex.europa.eu/legal-content/EN/TXT/?uri=celex%3A32014L0040
CZ,Czechia,Tšekki,Europe,C,6,missing,missing,missing,missing,missing,partial,missing,notTracked,Julkinen sääntely- tai lähdereitti on tunnistettu; maakohtaista toteutunutta markkinamyyntiä ei ole siirretty.,"Virallinen vuosittainen laite- ja nestemyynti, verollinen määrä, verotuotto ja markkinatäsmäytys.",https://eur-lex.europa.eu/legal-content/EN/TXT/?uri=celex%3A32014L0040
DK,Denmark,Tanska,Europe,B,37,missing,missing,partial,verified,partial,verified,missing,sourceLinksOnly,Julkisia lähdeviitteitä on tunnistettu. Tämä baseline ei siirrä upstreamin vapaamuotoista maakuvausta eikä itsessään osoita vahvistettua vuosimyyntiä.,"Virallinen vuosittainen laite- ja nestemyynti, verollinen määrä, verotuotto sekä lähteiden välinen markkinatäsmäytys on vahvistettava erikseen.",https://cdn.who.int/media/docs/default-source/country-profiles/tobacco/gtrc-2025/tobacco-2025-dnk.pdf|https://ec.europa.eu/eurostat/web/international-trade-in-goods/database|https://eur-lex.europa.eu/legal-content/EN/TXT/?uri=celex%3A32014L0040|https://skm.dk/tal-og-metode/satser/satser-og-beloebsgraenser-i-lovgivningen/forbrugsafgiftsloven|https://skm.dk/tal-og-metode/statistik/indtaegtslister/indtaegtsliste-for-2025|https://www.ft.dk/samling/20241/almdel/SAU/bilag/220/3018939.pdf|https://www.sik.dk/en/node/355
EE,Estonia,Viro,Europe,C,6,missing,missing,missing,missing,missing,partial,missing,notTracked,Julkinen sääntely- tai lähdereitti on tunnistettu; maakohtaista toteutunutta markkinamyyntiä ei ole siirretty.,"Virallinen vuosittainen laite- ja nestemyynti, verollinen määrä, verotuotto ja markkinatäsmäytys.",https://eur-lex.europa.eu/legal-content/EN/TXT/?uri=celex%3A32014L0040
FI,Finland,Suomi,Europe,A,56,missing,verified,verified,verified,missing,verified,missing,sourceLinksOnly,Julkisia lähdeviitteitä on tunnistettu. Tämä baseline ei siirrä upstreamin vapaamuotoista maakuvausta eikä itsessään osoita vahvistettua vuosimyyntiä.,"Virallinen vuosittainen laite- ja nestemyynti, verollinen määrä, verotuotto sekä lähteiden välinen markkinatäsmäytys on vahvistettava erikseen.",https://cdn.who.int/media/docs/default-source/country-profiles/tobacco/gtrc-2025/tobacco-2025-fin.pdf|https://ec.europa.eu/eurostat/web/international-trade-in-goods/database|https://eur-lex.europa.eu/legal-content/EN/TXT/?uri=celex%3A32014L0040|https://vero2.stat.fi/PXWeb/api/v1/en/Vero/Valmistevero/vvt_010.px|https://vero2.stat.fi/PXWeb/pxweb/en/Vero/Vero__Valmistevero/vvt_010.px/|https://www.vero.fi/yritykset-ja-yhteisot/verot-ja-maksut/valmisteverotus/tupakkavero/
FR,France,Ranska,Europe,B,20,missing,missing,missing,verified,missing,partial,missing,sourceLinksOnly,Julkisia lähdeviitteitä on tunnistettu. Tämä baseline ei siirrä upstreamin vapaamuotoista maakuvausta eikä itsessään osoita vahvistettua vuosimyyntiä.,"Virallinen vuosittainen laite- ja nestemyynti, verollinen määrä, verotuotto sekä lähteiden välinen markkinatäsmäytys on vahvistettava erikseen.",https://cdn.who.int/media/docs/default-source/country-profiles/tobacco/gtrc-2025/tobacco-2025-fra.pdf|https://ec.europa.eu/eurostat/web/international-trade-in-goods/database|https://eur-lex.europa.eu/legal-content/EN/TXT/?uri=celex%3A32014L0040|https://www.anses.fr/fr/system/files/CONSO2018SA0189Ra-2.pdf|https://www.data.gouv.fr/en/datasets/produits-du-tabac-et-produits-connexes-declares-sur-le-marche-francais/|https://www.douane.gouv.fr/la-douane/opendata?f%5B0%5D=categorie_opendata_facet%3A458&title=|https://www.legifrance.gouv.fr/codes/article_lc/LEGIARTI000032549341
DE,Germany,Saksa,Europe,A,60,missing,verified,partial,verified,partial,verified,partial,sourceLinksOnly,Julkisia lähdeviitteitä on tunnistettu. Tämä baseline ei siirrä upstreamin vapaamuotoista maakuvausta eikä itsessään osoita vahvistettua vuosimyyntiä.,"Virallinen vuosittainen laite- ja nestemyynti, verollinen määrä, verotuotto sekä lähteiden välinen markkinatäsmäytys on vahvistettava erikseen.",https://cdn.who.int/media/docs/default-source/country-profiles/tobacco/gtrc-2025/tobacco-2025-deu.pdf|https://data.epo.org/publication-server/rest/v1.2/patents/EP3032975NWB2/document.pdf|https://ec.europa.eu/eurostat/web/international-trade-in-goods/database|https://eur-lex.europa.eu/legal-content/EN/TXT/?uri=celex%3A32014L0040|https://www.destatis.de/DE/Presse/Pressemitteilungen/2026/01/PD26_026_73.html|https://www.gesetze-bayern.de/Content/Document/Y-300-Z-BECKRS-B-2026-N-14206|https://www.gesetze-im-internet.de/tabstg_2009/__2.html|https://www.rechtsprechung-im-internet.de/jportal/?quelle=jlink&docid=JURE269032275&psml=bsjrsprod.psml
GR,Greece,Kreikka,Europe,C,6,missing,missing,missing,missing,missing,partial,missing,notTracked,Julkinen sääntely- tai lähdereitti on tunnistettu; maakohtaista toteutunutta markkinamyyntiä ei ole siirretty.,"Virallinen vuosittainen laite- ja nestemyynti, verollinen määrä, verotuotto ja markkinatäsmäytys.",https://eur-lex.europa.eu/legal-content/EN/TXT/?uri=celex%3A32014L0040
VA,Holy See,Pyhä istuin,Europe,D,0,missing,missing,missing,missing,missing,missing,missing,notTracked,Ei julkista maakohtaista markkinahavaintoa siirretty.,"Virallinen myynti, määrä, verotuotto, tulli-, sääntely- ja patenttievidenssi.",
HU,Hungary,Unkari,Europe,C,6,missing,missing,missing,missing,missing,partial,missing,notTracked,Julkinen sääntely- tai lähdereitti on tunnistettu; maakohtaista toteutunutta markkinamyyntiä ei ole siirretty.,"Virallinen vuosittainen laite- ja nestemyynti, verollinen määrä, verotuotto ja markkinatäsmäytys.",https://eur-lex.europa.eu/legal-content/EN/TXT/?uri=celex%3A32014L0040
IS,Iceland,Islanti,Europe,D,0,missing,missing,missing,missing,missing,missing,missing,notTracked,Ei julkista maakohtaista markkinahavaintoa siirretty.,"Virallinen myynti, määrä, verotuotto, tulli-, sääntely- ja patenttievidenssi.",
IE,Ireland,Irlanti,Europe,C,6,missing,missing,missing,missing,missing,partial,missing,notTracked,Julkinen sääntely- tai lähdereitti on tunnistettu; maakohtaista toteutunutta markkinamyyntiä ei ole siirretty.,"Virallinen vuosittainen laite- ja nestemyynti, verollinen määrä, verotuotto ja markkinatäsmäytys.",https://eur-lex.europa.eu/legal-content/EN/TXT/?uri=celex%3A32014L0040
IT,Italy,Italia,Europe,B,37,missing,missing,partial,verified,partial,verified,missing,sourceLinksOnly,Julkisia lähdeviitteitä on tunnistettu. Tämä baseline ei siirrä upstreamin vapaamuotoista maakuvausta eikä itsessään osoita vahvistettua vuosimyyntiä.,"Virallinen vuosittainen laite- ja nestemyynti, verollinen määrä, verotuotto sekä lähteiden välinen markkinatäsmäytys on vahvistettava erikseen.",https://cdn.who.int/media/docs/default-source/country-profiles/tobacco/gtrc-2025/tobacco-2025-ita.pdf|https://documenti.camera.it/leg19/dossier/pdf/VQ2750_1.pdf|https://ec.europa.eu/eurostat/web/international-trade-in-goods/database|https://eur-lex.europa.eu/legal-content/EN/TXT/?uri=celex%3A32014L0040|https://www.adm.gov.it/portale/-/portale-prodotti-liquidi-da-inalazione-pli-e-prodotti-accessori-dei-tabacchi-pat-1|https://www.adm.gov.it/portale/documents/20182/208222724/DET+PRE+PUBB+71960.27-01-2025-U.pdf/f08b0d67-49a2-c5ca-074b-2111240054ad?t=1738229866530|https://www.adm.gov.it/portale/documents/20182/242317381/DET+%E2%80%93+74240-2026.pdf/92ecf170-16f0-d012-d0b6-f4630f192dca?t=1769851126925
LV,Latvia,Latvia,Europe,C,6,missing,missing,missing,missing,missing,partial,missing,notTracked,Julkinen sääntely- tai lähdereitti on tunnistettu; maakohtaista toteutunutta markkinamyyntiä ei ole siirretty.,"Virallinen vuosittainen laite- ja nestemyynti, verollinen määrä, verotuotto ja markkinatäsmäytys.",https://eur-lex.europa.eu/legal-content/EN/TXT/?uri=celex%3A32014L0040
LI,Liechtenstein,Liechtenstein,Europe,D,0,missing,missing,missing,missing,missing,missing,missing,notTracked,Ei julkista maakohtaista markkinahavaintoa siirretty.,"Virallinen myynti, määrä, verotuotto, tulli-, sääntely- ja patenttievidenssi.",
LT,Lithuania,Liettua,Europe,C,6,missing,missing,missing,missing,missing,partial,missing,notTracked,Julkinen sääntely- tai lähdereitti on tunnistettu; maakohtaista toteutunutta markkinamyyntiä ei ole siirretty.,"Virallinen vuosittainen laite- ja nestemyynti, verollinen määrä, verotuotto ja markkinatäsmäytys.",https://eur-lex.europa.eu/legal-content/EN/TXT/?uri=celex%3A32014L0040
LU,Luxembourg,Luxemburg,Europe,B,20,missing,missing,missing,verified,missing,partial,missing,sourceLinksOnly,Julkisia lähdeviitteitä on tunnistettu. Tämä baseline ei siirrä upstreamin vapaamuotoista maakuvausta eikä itsessään osoita vahvistettua vuosimyyntiä.,"Virallinen vuosittainen laite- ja nestemyynti, verollinen määrä, verotuotto sekä lähteiden välinen markkinatäsmäytys on vahvistettava erikseen.",https://cdn.who.int/media/docs/default-source/country-profiles/tobacco/gtrc-2025/tobacco-2025-lux.pdf|https://ec.europa.eu/eurostat/web/international-trade-in-goods/database|https://eur-lex.europa.eu/legal-content/EN/TXT/?uri=celex%3A32014L0040|https://guichet.public.lu/fr/entreprises/import-export/intra-ue/echanges-intra-ue/commerce-accises.html
MT,Malta,Malta,Europe,C,6,missing,missing,missing,missing,missing,partial,missing,notTracked,Julkinen sääntely- tai lähdereitti on tunnistettu; maakohtaista toteutunutta markkinamyyntiä ei ole siirretty.,"Virallinen vuosittainen laite- ja nestemyynti, verollinen määrä, verotuotto ja markkinatäsmäytys.",https://eur-lex.europa.eu/legal-content/EN/TXT/?uri=celex%3A32014L0040
MD,Republic of Moldova,Moldova,Europe,D,0,missing,missing,missing,missing,missing,missing,missing,notTracked,Ei julkista maakohtaista markkinahavaintoa siirretty.,"Virallinen myynti, määrä, verotuotto, tulli-, sääntely- ja patenttievidenssi.",
MC,Monaco,Monaco,Europe,D,0,missing,missing,missing,missing,missing,missing,missing,notTracked,Ei julkista maakohtaista markkinahavaintoa siirretty.,"Virallinen myynti, määrä, verotuotto, tulli-, sääntely- ja patenttievidenssi.",
ME,Montenegro,Montenegro,Europe,D,0,missing,missing,missing,missing,missing,missing,missing,notTracked,Ei julkista maakohtaista markkinahavaintoa siirretty.,"Virallinen myynti, määrä, verotuotto, tulli-, sääntely- ja patenttievidenssi.",
NL,Netherlands,Alankomaat,Europe,B,24,missing,missing,missing,verified,partial,partial,missing,sourceLinksOnly,Julkisia lähdeviitteitä on tunnistettu. Tämä baseline ei siirrä upstreamin vapaamuotoista maakuvausta eikä itsessään osoita vahvistettua vuosimyyntiä.,"Virallinen vuosittainen laite- ja nestemyynti, verollinen määrä, verotuotto sekä lähteiden välinen markkinatäsmäytys on vahvistettava erikseen.",https://cdn.who.int/media/docs/default-source/country-profiles/tobacco/gtrc-2025/tobacco-2025-nld.pdf|https://cijfers.trimbos.nl/scholierenmonitor/vape-snus-en-waterpijp/cijfers-2023-12-16-jaar-vape-snus-waterpijp/|https://ec.europa.eu/eurostat/web/international-trade-in-goods/database|https://eur-lex.europa.eu/legal-content/EN/TXT/?uri=celex%3A32014L0040|https://opendata.cbs.nl/statline/#/CBS/nl/dataset/85457NED/table|https://wetten.overheid.nl/jci1.3:c:BWBR0005251&g=2026-04-10&z=2026-04-10|https://www.tweedekamer.nl/downloads/document?id=2026D17119
MK,North Macedonia,Pohjois-Makedonia,Europe,D,0,missing,missing,missing,missing,missing,missing,missing,notTracked,Ei julkista maakohtaista markkinahavaintoa siirretty.,"Virallinen myynti, määrä, verotuotto, tulli-, sääntely- ja patenttievidenssi.",
NO,Norway,Norja,Europe,C,6,missing,missing,missing,missing,missing,partial,missing,sourceLinksOnly,Julkisia lähdeviitteitä on tunnistettu. Tämä baseline ei siirrä upstreamin vapaamuotoista maakuvausta eikä itsessään osoita vahvistettua vuosimyyntiä.,"Virallinen vuosittainen laite- ja nestemyynti, verollinen määrä, verotuotto sekä lähteiden välinen markkinatäsmäytys on vahvistettava erikseen.",https://cdn.who.int/media/docs/default-source/country-profiles/tobacco/gtrc-2025/tobacco-2025-nor.pdf
PL,Poland,Puola,Europe,A,56,missing,verified,verified,verified,missing,verified,missing,sourceLinksOnly,Julkisia lähdeviitteitä on tunnistettu. Tämä baseline ei siirrä upstreamin vapaamuotoista maakuvausta eikä itsessään osoita vahvistettua vuosimyyntiä.,"Virallinen vuosittainen laite- ja nestemyynti, verollinen määrä, verotuotto sekä lähteiden välinen markkinatäsmäytys on vahvistettava erikseen.",https://api.sejm.gov.pl/sejm/term10/interpellations/attachment/ATTDDEJZ5/i07255-o1.pdf|https://api.sejm.gov.pl/sejm/term10/interpellations/attachment/ATTDVKHSJ/i17526-o1.pdf|https://cdn.who.int/media/docs/default-source/country-profiles/tobacco/gtrc-2025/tobacco-2025-pol.pdf|https://ec.europa.eu/eurostat/web/international-trade-in-goods/database|https://eur-lex.europa.eu/legal-content/EN/TXT/?uri=celex%3A32014L0040|https://www.gov.pl/web/kas/kas-zwalcza-oszustwa-zwiazane-z-rynkiem-e-papierosow|https://www.podatki.gov.pl/akcyza/stawki-podatkowe
PT,Portugal,Portugali,Europe,C,6,missing,missing,missing,missing,missing,partial,missing,notTracked,Julkinen sääntely- tai lähdereitti on tunnistettu; maakohtaista toteutunutta markkinamyyntiä ei ole siirretty.,"Virallinen vuosittainen laite- ja nestemyynti, verollinen määrä, verotuotto ja markkinatäsmäytys.",https://eur-lex.europa.eu/legal-content/EN/TXT/?uri=celex%3A32014L0040
RO,Romania,Romania,Europe,C,6,missing,missing,missing,missing,missing,partial,missing,notTracked,Julkinen sääntely- tai lähdereitti on tunnistettu; maakohtaista toteutunutta markkinamyyntiä ei ole siirretty.,"Virallinen vuosittainen laite- ja nestemyynti, verollinen määrä, verotuotto ja markkinatäsmäytys.",https://eur-lex.europa.eu/legal-content/EN/TXT/?uri=celex%3A32014L0040
RU,Russian Federation,Venäjä,Europe,D,0,missing,missing,missing,missing,missing,missing,missing,sourceLinksOnly,Julkisia lähdeviitteitä on tunnistettu. Tämä baseline ei siirrä upstreamin vapaamuotoista maakuvausta eikä itsessään osoita vahvistettua vuosimyyntiä.,"Virallinen vuosittainen laite- ja nestemyynti, verollinen määrä, verotuotto sekä lähteiden välinen markkinatäsmäytys on vahvistettava erikseen.",https://cdn.who.int/media/docs/default-source/country-profiles/tobacco/gtrc-2025/tobacco-2025-rus.pdf
SM,San Marino,San Marino,Europe,D,0,missing,missing,missing,missing,missing,missing,missing,notTracked,Ei julkista maakohtaista markkinahavaintoa siirretty.,"Virallinen myynti, määrä, verotuotto, tulli-, sääntely- ja patenttievidenssi.",
RS,Serbia,Serbia,Europe,D,0,missing,missing,missing,missing,missing,missing,missing,notTracked,Ei julkista maakohtaista markkinahavaintoa siirretty.,"Virallinen myynti, määrä, verotuotto, tulli-, sääntely- ja patenttievidenssi.",
SK,Slovakia,Slovakia,Europe,C,6,missing,missing,missing,missing,missing,partial,missing,notTracked,Julkinen sääntely- tai lähdereitti on tunnistettu; maakohtaista toteutunutta markkinamyyntiä ei ole siirretty.,"Virallinen vuosittainen laite- ja nestemyynti, verollinen määrä, verotuotto ja markkinatäsmäytys.",https://eur-lex.europa.eu/legal-content/EN/TXT/?uri=celex%3A32014L0040
SI,Slovenia,Slovenia,Europe,C,6,missing,missing,missing,missing,missing,partial,missing,notTracked,Julkinen sääntely- tai lähdereitti on tunnistettu; maakohtaista toteutunutta markkinamyyntiä ei ole siirretty.,"Virallinen vuosittainen laite- ja nestemyynti, verollinen määrä, verotuotto ja markkinatäsmäytys.",https://eur-lex.europa.eu/legal-content/EN/TXT/?uri=celex%3A32014L0040
ES,Spain,Espanja,Europe,B,37,missing,missing,partial,verified,partial,verified,missing,sourceLinksOnly,Julkisia lähdeviitteitä on tunnistettu. Tämä baseline ei siirrä upstreamin vapaamuotoista maakuvausta eikä itsessään osoita vahvistettua vuosimyyntiä.,"Virallinen vuosittainen laite- ja nestemyynti, verollinen määrä, verotuotto sekä lähteiden välinen markkinatäsmäytys on vahvistettava erikseen.",https://cdn.who.int/media/docs/default-source/country-profiles/tobacco/gtrc-2025/tobacco-2025-esp.pdf|https://ec.europa.eu/eurostat/web/international-trade-in-goods/database|https://eur-lex.europa.eu/legal-content/EN/TXT/?uri=celex%3A32014L0040|https://sede.agenciatributaria.gob.es/static_files/AEAT/Estudios/Estadisticas/Informes_Estadisticos/Informes_mensuales_recaudacion_tributaria/2025/IMR_25_12_es_es.pdf|https://www.boe.es/buscar/act.php?id=BOE-A-1992-28741#a6-4|https://www.boe.es/eli/es/o/2025/01/13/hac86
SE,Sweden,Ruotsi,Europe,A,60,missing,verified,verified,verified,partial,verified,missing,sourceLinksOnly,Julkisia lähdeviitteitä on tunnistettu. Tämä baseline ei siirrä upstreamin vapaamuotoista maakuvausta eikä itsessään osoita vahvistettua vuosimyyntiä.,"Virallinen vuosittainen laite- ja nestemyynti, verollinen määrä, verotuotto sekä lähteiden välinen markkinatäsmäytys on vahvistettava erikseen.",https://cdn.who.int/media/docs/default-source/country-profiles/tobacco/gtrc-2025/tobacco-2025-swe.pdf|https://ec.europa.eu/eurostat/web/international-trade-in-goods/database|https://eur-lex.europa.eu/legal-content/EN/TXT/?uri=celex%3A32014L0040|https://www.folkhalsomyndigheten.se/anmal-och-rapportera/anmala-ansoka-rapportera-och-registrera-tobaks-och-nikotinprodukter/anmala-ingredienser-i-e-cigaretter-och-pafyllningsbehallare/|https://www.regeringen.se/contentassets/1ed01e00001b42e5ad8d47433db63ece/berakningskonventioner_2026.pdf|https://www.regeringen.se/rapporter/2025/09/berakningskonventioner-2026/|https://www.skatteverket.se/foretagochorganisationer/skatter/punktskatter/nikotinskatt.4.41f1c61d16193087d7fc7fe.html
CH,Switzerland,Sveitsi,Europe,C,6,missing,missing,missing,missing,missing,partial,missing,sourceLinksOnly,Julkisia lähdeviitteitä on tunnistettu. Tämä baseline ei siirrä upstreamin vapaamuotoista maakuvausta eikä itsessään osoita vahvistettua vuosimyyntiä.,"Virallinen vuosittainen laite- ja nestemyynti, verollinen määrä, verotuotto sekä lähteiden välinen markkinatäsmäytys on vahvistettava erikseen.",https://cdn.who.int/media/docs/default-source/country-profiles/tobacco/gtrc-2025/tobacco-2025-che.pdf|https://www.bazg.admin.ch/dam/de/sd-web/LOdB10XnvqWr/R-120-3%20Tabaksteuer_01.03.26_Korrektur.pdf
UA,Ukraine,Ukraina,Europe,D,0,missing,missing,missing,missing,missing,missing,missing,notTracked,Ei julkista maakohtaista markkinahavaintoa siirretty.,"Virallinen myynti, määrä, verotuotto, tulli-, sääntely- ja patenttievidenssi.",
GB,United Kingdom,Yhdistynyt kuningaskunta,Europe,C,6,missing,missing,missing,missing,missing,partial,missing,sourceLinksOnly,Julkisia lähdeviitteitä on tunnistettu. Tämä baseline ei siirrä upstreamin vapaamuotoista maakuvausta eikä itsessään osoita vahvistettua vuosimyyntiä.,"Virallinen vuosittainen laite- ja nestemyynti, verollinen määrä, verotuotto sekä lähteiden välinen markkinatäsmäytys on vahvistettava erikseen.",https://cdn.who.int/media/docs/default-source/country-profiles/tobacco/gtrc-2025/tobacco-2025-gbr.pdf|https://www.gov.uk/government/publications/introduction-of-vaping-products-duty-from-1-october-2026/introduction-of-vaping-products-duty-from-1-october-2026|https://www.gov.uk/guidance/how-to-pay-vaping-products-duty
AU,Australia,Australia,Oceania,C,6,missing,missing,missing,missing,missing,partial,missing,sourceLinksOnly,Julkisia lähdeviitteitä on tunnistettu. Tämä baseline ei siirrä upstreamin vapaamuotoista maakuvausta eikä itsessään osoita vahvistettua vuosimyyntiä.,"Virallinen vuosittainen laite- ja nestemyynti, verollinen määrä, verotuotto sekä lähteiden välinen markkinatäsmäytys on vahvistettava erikseen.",https://cdn.who.int/media/docs/default-source/country-profiles/tobacco/gtrc-2025/tobacco-2025-aus.pdf
FJ,Fiji,Fidži,Oceania,D,0,missing,missing,missing,missing,missing,missing,missing,notTracked,Ei julkista maakohtaista markkinahavaintoa siirretty.,"Virallinen myynti, määrä, verotuotto, tulli-, sääntely- ja patenttievidenssi.",
KI,Kiribati,Kiribati,Oceania,D,0,missing,missing,missing,missing,missing,missing,missing,notTracked,Ei julkista maakohtaista markkinahavaintoa siirretty.,"Virallinen myynti, määrä, verotuotto, tulli-, sääntely- ja patenttievidenssi.",
MH,Marshall Islands,Marshallinsaaret,Oceania,D,0,missing,missing,missing,missing,missing,missing,missing,notTracked,Ei julkista maakohtaista markkinahavaintoa siirretty.,"Virallinen myynti, määrä, verotuotto, tulli-, sääntely- ja patenttievidenssi.",
FM,Micronesia (Federated States of),Mikronesia,Oceania,D,0,missing,missing,missing,missing,missing,missing,missing,notTracked,Ei julkista maakohtaista markkinahavaintoa siirretty.,"Virallinen myynti, määrä, verotuotto, tulli-, sääntely- ja patenttievidenssi.",
NR,Nauru,Nauru,Oceania,D,0,missing,missing,missing,missing,missing,missing,missing,notTracked,Ei julkista maakohtaista markkinahavaintoa siirretty.,"Virallinen myynti, määrä, verotuotto, tulli-, sääntely- ja patenttievidenssi.",
NZ,New Zealand,Uusi-Seelanti,Oceania,D,0,missing,missing,missing,missing,missing,missing,missing,notTracked,Ei julkista maakohtaista markkinahavaintoa siirretty.,"Virallinen myynti, määrä, verotuotto, tulli-, sääntely- ja patenttievidenssi.",
PW,Palau,Palau,Oceania,D,0,missing,missing,missing,missing,missing,missing,missing,notTracked,Ei julkista maakohtaista markkinahavaintoa siirretty.,"Virallinen myynti, määrä, verotuotto, tulli-, sääntely- ja patenttievidenssi.",
PG,Papua New Guinea,Papua-Uusi-Guinea,Oceania,D,0,missing,missing,missing,missing,missing,missing,missing,notTracked,Ei julkista maakohtaista markkinahavaintoa siirretty.,"Virallinen myynti, määrä, verotuotto, tulli-, sääntely- ja patenttievidenssi.",
WS,Samoa,Samoa,Oceania,D,0,missing,missing,missing,missing,missing,missing,missing,notTracked,Ei julkista maakohtaista markkinahavaintoa siirretty.,"Virallinen myynti, määrä, verotuotto, tulli-, sääntely- ja patenttievidenssi.",
SB,Solomon Islands,Salomonsaaret,Oceania,D,0,missing,missing,missing,missing,missing,missing,missing,notTracked,Ei julkista maakohtaista markkinahavaintoa siirretty.,"Virallinen myynti, määrä, verotuotto, tulli-, sääntely- ja patenttievidenssi.",
TO,Tonga,Tonga,Oceania,D,0,missing,missing,missing,missing,missing,missing,missing,notTracked,Ei julkista maakohtaista markkinahavaintoa siirretty.,"Virallinen myynti, määrä, verotuotto, tulli-, sääntely- ja patenttievidenssi.",
TV,Tuvalu,Tuvalu,Oceania,D,0,missing,missing,missing,missing,missing,missing,missing,notTracked,Ei julkista maakohtaista markkinahavaintoa siirretty.,"Virallinen myynti, määrä, verotuotto, tulli-, sääntely- ja patenttievidenssi.",
VU,Vanuatu,Vanuatu,Oceania,D,0,missing,missing,missing,missing,missing,missing,missing,notTracked,Ei julkista maakohtaista markkinahavaintoa siirretty.,"Virallinen myynti, määrä, verotuotto, tulli-, sääntely- ja patenttievidenssi.",
