operationalRank,priorityCode,wave,countryIso2,countryEn,countryFi,status,dispatchState,sentOn,publicAuthorityReference,responseState,rankingType,isMarketSizeRanking,rationaleEn,rationaleFi,primaryAuthorityEn,primaryAuthorityFi,recordsRequestedEn,recordsRequestedFi,requestChannelEn,requestChannelFi,requestUrl,legalBasisEn,legalBasisFi,languages,localRequester,eligibilityCaveatEn,eligibilityCaveatFi,fallbackAuthorityEn,fallbackAuthorityFi,fallbackUrl,officialSourceUrls,stateUniverseCount,evidenceStackLayerCount,supplementaryRequestCount,supplementarySentRequestCount,supplementaryRequestIds,verificationDate
1,A1,1A,DE,Germany,Saksa,sent,sent,2026-07-23,,registered_and_processing_confirmed,operational_evidence_acquisition_order,false,Existing official taxed-volume evidence and direct strategic relevance from the German patent proceedings make this the first reconciliation pilot.,Olemassa oleva virallinen verotettu määrä ja Saksan patenttiprosessin suora strateginen merkitys tekevät tästä ensimmäisen täsmäytyspilotin.,German Customs and Federal Statistical Office,Saksan tulli ja liittovaltion tilastovirasto,"Monthly and annual taxed litres of substitutes for tobacco products, excise revenue, refunds, exports and reporting-entity counts | Imports and exports of devices and liquids by national tariff code, value, quantity and unit | Seizures separately, with definitions and revision metadata","Tupakan korvaavien tuotteiden kuukausittaiset ja vuosittaiset verotetut litrat, verotuotto, palautukset, vienti ja raportoivien toimijoiden määrä | Laitteiden ja nesteiden tuonti ja vienti kansallisen tullinimikkeen, arvon, määrän ja yksikön mukaan | Takavarikot erikseen sekä määritelmät ja revisiotiedot",Federal freedom-of-information request service,Liittovaltion tietopyyntöpalvelu,https://verwaltung.bund.de/leistungsverzeichnis/DE/leistung/99064008001000/herausgeber/LeiKa-103285007/region/000000000000,Federal Freedom of Information Act (IFG),Liittovaltion tiedonsaantilaki (IFG),de,not_required,No nationality or residence restriction was identified on the official federal route; German wording is recommended and exemptions and fees still apply.,"Viralliselta liittovaltion reitiltä ei tunnistettu kansalaisuus- tai asuinpaikkarajausta; saksankielinen pyyntö on suositeltava, ja poikkeukset sekä maksut voivat silti soveltua.","Federal Statistical Office, GENESIS table family 73411","Liittovaltion tilastovirasto, GENESIS-tauluperhe 73411",https://www.destatis.de/DE/Presse/Pressemitteilungen/2025/01/PD25_035_73.html?templateQueryString=rauchen,https://www.zoll.de/EN/Contact/Enquiries/General-enquiries/general-enquiries_node.html,195,6,1,1,DE-BVL-TABAKERZV25-ANNUAL-SALES,2026-07-24
2,A2,1A,CA,Canada,Kanada,sent,sent,2026-07-23,,not_publicly_recorded,operational_evidence_acquisition_order,false,Health Canada's official shipment series and Statistics Canada's Retail Commodity Survey create a direct shipment-to-retail comparison. A secondary clarification request on the retail tax basis and annual use of quarterly estimates was sent on 2026-07-24; no reply is publicly recorded.,Health Canadan virallinen toimitussarja ja Statistics Canadan Retail Commodity Survey muodostavat suoran toimitus–vähittäismyynti-vertailun. Vähittäismyynnin veropohjaa ja neljännesvuosiarvioiden vuosikäyttöä koskeva täydentävä täsmennyspyyntö lähetettiin 24.7.2026; julkista vastausta ei ole kirjattu.,Health Canada,Health Canada,"Machine-readable semi-annual manufacturer/importer shipment records by province, category, units, liquid volume and reported value | Reporting coverage, suppressed cells, revisions and audit or quality-control metadata | A clear statement that the measure is shipment data rather than retail sell-through | Existing definitions confirming whether retail estimates exclude GST, HST, PST and QST; whether vaping duties are included; and whether a four-quarter sum is an intended annual total while retaining published quality warnings","Koneluettava puolivuosittainen valmistaja- ja maahantuojatoimitusten aineisto maakunnan, tuoteryhmän, kappaleiden, nestemäärän ja ilmoitetun arvon mukaan | Raportoinnin kattavuus, salatut solut, revisiot ja tarkastus- tai laadunvalvontatiedot | Selkeä vahvistus siitä, että mittari kuvaa toimituksia eikä vähittäismyyntiä | Olemassa olevat määritelmät siitä, sulkevatko vähittäismyyntiarviot GST-, HST-, PST- ja QST-verot pois, sisältyvätkö vaping-valmisteverot sekä onko neljän vuosineljänneksen summa tarkoitettu vuosiyhteissummaksi julkaistut laatuvaroitukset säilyttäen",Health Canada Access to Information and Privacy Division,Health Canadan tiedonsaanti- ja tietosuojayksikkö,https://www.canada.ca/en/health-canada/corporate/contact-us/access-information-privacy-division.html,Access to Information Act,Access to Information Act,en | fr,conditional,"A formal request is limited to Canadian citizens, permanent residents, and persons or corporations present in Canada; use an eligible local requester if needed. The published dataset needs no request.","Muodollisen pyynnön voivat tehdä Kanadan kansalaiset, pysyvät asukkaat sekä Kanadassa olevat henkilöt tai yhtiöt; käytä tarvittaessa kelpoista paikallista pyytäjää. Julkinen aineisto ei vaadi pyyntöä.","Canada Revenue Agency, vaping product duty records","Kanadan verovirasto, höyrystystuotteiden valmisteverotiedot",https://www.canada.ca/en/revenue-agency/corporate/about-canada-revenue-agency-cra/access-information-privacy-canada-revenue-agency/step-2-make-access-information-personal-information-request.html,https://health-infobase.canada.ca/substance-use/vaping/sales/ | https://www23.statcan.gc.ca/imdb/p2SV.pl?Function=getSurvey&SDDS=2008 | https://www150.statcan.gc.ca/t1/tbl1/en/tv.action?pid=2010007101,195,6,0,0,,2026-07-24
3,A3,1A,US,United States,Yhdysvallat,sent,sent,2026-07-24,,not_publicly_recorded,operational_evidence_acquisition_order,false,"A strategically important market with a Pixan-family US publication, compulsory FTC reporting and detailed official tariff data.","Strategisesti tärkeä markkina, jossa on Pixan-perheen Yhdysvaltain julkaisu, FTC:n velvoittava raportointi ja yksityiskohtainen virallinen tullidata.",Federal Trade Commission,Yhdysvaltain kauppakomissio,"Existing post-2021 aggregate and anonymised tables derived from compulsory Section 6(b) e-cigarette reporting | Reported sales, units and product-category definitions, participating-company coverage and revisions | No company-confidential submissions or company-identifiable data","Olemassa olevat vuoden 2021 jälkeiset aggregoidut ja anonymisoidut taulukot, jotka perustuvat velvoittavaan 6(b)-raportointiin | Ilmoitettu myynti, kappaleet, tuoteryhmien määritelmät, yrityskattavuus ja revisiot | Ei yrityssalaisia ilmoituksia tai yrityksen tunnistavia tietoja",FTC Division of Advertising Practices informal public-data inquiry,FTC:n Division of Advertising Practices -yksikön epämuodollinen julkisen datan tiedustelu,https://www.ftc.gov/about-ftc/bureaus-offices/bureau-consumer-protection/our-divisions/division-advertising-practices,FTC Act Section 6(b) aggregate-data inquiry; formal FOIA reserved as a fallback,FTC Act -lain 6(b)-kohdan aggregaattidatan tiedustelu; muodollinen FOIA säilytetään varareittinä,en,not_required,"No local-requester restriction applies to the informal inquiry. If a formal FOIA request later becomes necessary, any person may file, but confidential business information remains exempt and the request must stay aggregate and anonymised.","Epämuodolliseen tiedusteluun ei sovelleta paikallisen pyytäjän rajoitusta. Jos muodollinen FOIA-pyyntö tulee myöhemmin tarpeelliseksi, sen voi tehdä kuka tahansa, mutta luottamuksellinen yritystieto säilyy poikkeuksen piirissä ja pyyntö on pidettävä aggregoituna ja anonymisoituna.",FTC Freedom of Information Act office,FTC:n FOIA-toimisto,https://www.ftc.gov/foia,https://www.ftc.gov/reports/e-cigarette-report-2021 | https://www.fda.gov/tobacco-products/about-center-tobacco-products-ctp/ctp-freedom-information-act,195,6,0,0,,2026-07-24
4,A4,1A,CN,China,Kiina,draft_not_sent,draft_not_sent,,,not_applicable,operational_evidence_acquisition_order,false,"Global manufacturing relevance, a Pixan-family Chinese publication and an official full-coverage statistical survey justify an early request despite access friction.","Globaali valmistusmerkitys, Pixan-perheen Kiinan julkaisu ja virallinen kattava tilastokysely puoltavat varhaista pyyntöä tiedonsaannin kitkasta huolimatta.",National Bureau of Statistics of China,Kiinan kansallinen tilastovirasto,"Existing aggregate annual e-cigarette survey tables for production, transaction value, inventory, domestic sales, exports and output value | Product-category definitions, survey coverage, respondent counts, missingness and revisions | Aggregate release only; no respondent-identifiable records","Olemassa olevat aggregoidut vuotuiset sähkösavukekyselyn taulukot tuotannosta, transaktioarvosta, varastosta, kotimaan myynnistä, viennistä ja tuotantoarvosta | Tuoteryhmien määritelmät, kyselyn kattavuus, vastaajamäärä, puuttuvat tiedot ja revisiot | Vain aggregoitu luovutus, ei vastaajan tunnistavia tietueita",NBS open-government-information request form,NBS:n julkisen tiedon pyyntölomake,https://www.stats.gov.cn/statsinfo/ysqgk/applyform_add.html,Regulations of the People's Republic of China on Open Government Information,Kiinan kansantasavallan julkisen hallintotiedon säädökset,zh,recommended,"The official form and appeal process are Chinese-language and may require locally usable identity and contact details. The NBS states that the underlying survey data are not currently public, so an aggregate-only refusal or partial release is possible.","Virallinen lomake ja muutoksenhakuprosessi ovat kiinankielisiä ja voivat edellyttää paikallisesti käytettäviä henkilöllisyys- ja yhteystietoja. NBS ilmoittaa, ettei kyselyaineisto ole tällä hetkellä julkinen, joten aggregaattipyyntö voidaan evätä tai täyttää vain osittain.",General Administration of Customs of China,Kiinan tullihallinto,https://english.customs.gov.cn/Statistics/Statistics,https://www.stats.gov.cn/fw/bmdcxmsp/bmzd/202402/t20240205_1947271.html,195,6,0,0,,2026-07-24
5,A5,1A,PL,Poland,Puola,sent,sent,2026-07-22,,not_publicly_recorded,operational_evidence_acquisition_order,false,"Pixan-family publication, product-notification data and specific excise routes support a high-value EU reconciliation case.","Pixan-perheen julkaisu, tuoteilmoitustiedot ja erilliset valmisteveroreitit tukevat arvokasta EU-täsmäytystä.",Polish Ministry of Finance,Puolan valtiovarainministeriö,"Monthly and annual excise-declared millilitres and revenue for e-cigarette liquids | Domestic release, intra-EU acquisition and import separately, including tax stamps, taxpayers, refunds and exports | The 2025 disposable-device surcharge or equivalent category separately where held","Sähkösavukenesteiden kuukausittaiset ja vuosittaiset valmisteveroilmoitetut millilitrat ja verotuotto | Kotimaan kulutukseen luovutus, EU-sisähankinta ja tuonti erikseen sekä veromerkit, verovelvolliset, palautukset ja vienti | Vuoden 2025 kertakäyttölaitelisä tai vastaava tuoteryhmä erikseen, jos tieto on hallussa",Ministry of Finance public-information request service,Valtiovarainministeriön julkisen tiedon pyyntöpalvelu,https://www.gov.pl/web/finanse/uzyskaj-informacje-publiczna,Act of 6 September 2001 on Access to Public Information,Laki julkisen tiedon saatavuudesta 6.9.2001,pl,not_required,The public-information route is open without a stated nationality condition; Polish wording is recommended and tax secrecy requires aggregate-only framing.,Julkisen tiedon reitillä ei ilmoiteta kansalaisuusehtoa; puolankielinen pyyntö on suositeltava ja verosalaisuus edellyttää aggregoitua rajausta.,Bureau for Chemical Substances product-notification list,Kemikaaliviraston tuoteilmoitusluettelo,https://www.gov.pl/web/chemikalia/Papierosy-elektroniczne-i-pojemniki-zapasowe,https://www.gov.pl/web/finanse/kazdy-plyn-do-e-papierosow-podlega-akcyzie,195,6,0,0,,2026-07-24
6,A6,1A,GB,United Kingdom,Yhdistynyt kuningaskunta,sent,sent,2026-07-16,CEC 261515,not_publicly_recorded,operational_evidence_acquisition_order,false,"A mature FOI system, product notifications and a forthcoming dedicated duty create a useful longitudinal route, while current and future tax periods must remain separate.","Vakiintunut FOI-järjestelmä, tuoteilmoitukset ja tuleva erillinen vero tarjoavat hyvän aikasarjareitin, mutta nykyiset ja tulevat verokaudet on pidettävä erillään.",Medicines and Healthcare products Regulatory Agency,Lääke- ja terveydenhuollon tuotevirasto,"Snapshots and counts of active and withdrawn ECIG notifications by product type | Aggregate annual sales-volume reports under Regulation 32 where held, with units or millilitres | Reporting coverage, missingness, revisions and the reported supply-chain stage","Aktiivisten ja peruutettujen ECIG-ilmoitusten tilannekuvat ja määrät tuotetyypeittäin | Regulation 32:n mukaiset aggregoidut vuotuiset myyntimääräraportit, jos hallussa, kappaleina tai millilitroina | Raportoinnin kattavuus, puuttuvat tiedot, revisiot ja ilmoitettu toimitusketjun vaihe",MHRA Freedom of Information route,MHRA:n Freedom of Information -reitti,https://foi-request.mhra.gov.uk/start-now,Freedom of Information Act 2000,Freedom of Information Act 2000,en,not_required,"Anyone can make a UK FOI request. The Vaping Products Duty begins only in October 2026, so it cannot evidence historical realised duty or sales for 2018-2025.","Kuka tahansa voi tehdä Yhdistyneen kuningaskunnan FOI-pyynnön. Vaping Products Duty alkaa vasta lokakuussa 2026, joten se ei osoita vuosien 2018-2025 toteutunutta veroa tai myyntiä.",HM Revenue and Customs vaping duty enquiries,HM Revenue and Customsin höyrystystuoteveron tiedustelut,https://www.gov.uk/find-hmrc-contacts/excise-warehousing-excise-goods-movements-and-alcohol-duties-enquiries,https://www.gov.uk/government/collections/mhra-freedom-of-information-foi-disclosure-log,195,6,0,0,,2026-07-24
7,A7,1A,SE,Sweden,Ruotsi,sent,sent,2026-07-23,,automated_route_correction_received,operational_evidence_acquisition_order,false,Mandatory annual brand- and product-type sales reporting and documented enforcement of missing reports make Sweden a strong completeness benchmark.,Pakollinen vuosimyyntiraportointi merkin ja tuotetyypin mukaan sekä dokumentoitu puuttuvien raporttien valvonta tekevät Ruotsista vahvan kattavuuden vertailumaan.,Public Health Agency of Sweden,Ruotsin kansanterveysviranomainen,"Aggregate annual sales volumes by product type in units and millilitres | Numbers of reporting entities and products, late or missing reports and suppressed cells | Revisions and market prohibitions connected with annual-reporting non-compliance","Aggregoidut vuotuiset myyntimäärät tuotetyypeittäin kappaleina ja millilitroina | Raportoivien toimijoiden ja tuotteiden määrät, myöhästyneet tai puuttuvat raportit ja salatut solut | Revisiot ja vuosiraportoinnin laiminlyöntiin liittyvät markkinakiellot",Public Health Agency public-record request service,Kansanterveysviranomaisen julkisuuspyyntöpalvelu,https://www.folkhalsomyndigheten.se/om-folkhalsomyndigheten/kontakta-folkhalsomyndigheten/ta-del-av-allman-handling/,Principle of public access and the Public Access to Information and Secrecy Act (2009:400),Julkisuusperiaate ja julkisuus- ja salassapitolaki (2009:400),sv | en,not_required,No local-requester condition was identified; start with aggregate product-type data because brand-level material may trigger confidentiality review.,"Paikallisen pyytäjän ehtoa ei tunnistettu; aloita aggregoidusta tuotetyyppidatasta, koska merkkikohtainen aineisto voi johtaa salassapitoarvioon.",Swedish Tax Agency,Ruotsin verovirasto,https://www4.skatteverket.se/rattsligvagledning/edition/2026.12/366196.html,https://www.folkhalsomyndigheten.se/the-public-health-agency-of-sweden/living-conditions-and-lifestyle/andtg/legal-requirements/e-cigarettes-refill-containers/requirements-on-electronic-cigarettes-and-refill-containers/notification-on-electronic-cigarettes-and-refill-containers/ | https://www.folkhalsomyndigheten.se/publikationer-och-material/publikationsarkiv/u/uppfoljning-av-program-for-marknadskontroll-2025-tobak-och-liknande-produkter/?pub=155021,195,6,0,0,,2026-07-24
8,A8,1A,IT,Italy,Italia,sent,sent,2026-07-23,,not_publicly_recorded,operational_evidence_acquisition_order,false,A significant EU market with a specific inhalation-liquid tax and official product lists supports direct volume and registry reconciliation.,"Merkittävä EU-markkina, erillinen inhalaationesteen vero ja viralliset tuoteluettelot mahdollistavat suoran määrä- ja rekisteritäsmäytyksen.",Customs and Monopolies Agency,Tulli- ja monopolivirasto,"Monthly tax-declared millilitres for inhalation liquids, separately with and without nicotine | Domestic release, imports and intra-EU acquisitions, tax revenue, refunds and exports | Registered product and licence counts with definitions and revisions","Inhalaationesteiden kuukausittaiset veroilmoitetut millilitrat erikseen nikotiinilla ja ilman nikotiinia | Kotimaan kulutukseen luovutus, tuonti ja EU-sisähankinta, verotuotto, palautukset ja vienti | Rekisteröityjen tuotteiden ja toimilupien määrät sekä määritelmät ja revisiot",ADM generalised civic-access request,ADM:n yleistetty julkisuuspyyntö,https://www.adm.gov.it/portale/-/accesso-civico-generalizzato,"Legislative Decree 33/2013, Article 5(2), subject to Article 5-bis","Lainsäädäntöasetus 33/2013, 5 artiklan 2 kohta, 5-bis artiklan rajoituksin",it,not_required,No local-requester condition was identified for generalised civic access; Italian wording is recommended and taxpayer-level records must be excluded.,Yleistetyssä julkisuuspyynnössä ei tunnistettu paikallisen pyytäjän ehtoa; italiankielinen pyyntö on suositeltava ja verovelvolliskohtaiset tiedot on rajattava pois.,Italian Ministry of Health product and EU-CEG information,Italian terveysministeriön tuote- ja EU-CEG-tiedot,https://www.salute.gov.it/new/it/tema/fumo-prodotti-del-tabacco-sigarette-elettroniche/ingredienti-prodotti-tabacco-e-sigarette/,https://www.adm.gov.it/portale/circolari_tabacco_inalazione,195,6,0,0,,2026-07-24
9,A9,1A,FR,France,Ranska,sent,sent,2026-07-23,,not_publicly_recorded,operational_evidence_acquisition_order,false,"A large EU market where the EU-CEG record structure contains annual sales fields, with ANSES documenting important completeness limitations.","Suuri EU-markkina, jossa EU-CEG-tietorakenne sisältää vuosimyyntikenttiä ja ANSES on dokumentoinut tärkeät kattavuusrajoitteet.","French Agency for Food, Environmental and Occupational Health and Safety","Ranskan elintarvike-, ympäristö- ja työterveysvirasto","Aggregate annual EU-CEG-reported units or millilitres by product category and presentation | Active and withdrawn products and numbers of reporting entities | Missing, incomplete or late annual sales reports, suppressed cells and revisions","Aggregoidut vuosittaiset EU-CEG-ilmoitetut kappaleet tai millilitrat tuoteryhmän ja esitysmuodon mukaan | Aktiiviset ja peruutetut tuotteet sekä raportoivien toimijoiden määrä | Puuttuvat, epätäydelliset tai myöhästyneet vuosimyyntiraportit, salatut solut ja revisiot",ANSES administrative-record access contact,ANSES:n hallinnollisten asiakirjojen tietopyyntöyhteys,https://www.anses.fr/en/content/legal-information,"Code des relations entre le public et l'administration, Book III","Hallinnon ja yleisön välisiä suhteita koskeva laki, III kirja",fr,not_required,Administrative documents can be requested regardless of nationality; French wording is recommended and an adverse or silent decision may be referred to CADA.,Hallinnollisia asiakirjoja voi pyytää kansalaisuudesta riippumatta; ranskankielinen pyyntö on suositeltava ja kielteinen tai puuttuva ratkaisu voidaan saattaa CADA:n käsiteltäväksi.,Commission for Access to Administrative Documents,Hallinnollisten asiakirjojen saatavuuskomissio,https://www.cada.fr/particulier/les-modalites-de-communication,https://www.anses.fr/fr/content/produits-du-vapotage,195,6,0,0,,2026-07-24
10,A10,1A,ES,Spain,Espanja,draft_not_sent,draft_not_sent,,,not_applicable,operational_evidence_acquisition_order,false,"A large EU market with a new dedicated e-liquid tax return, allowing a clean prospective official series if the commencement break is explicit.","Suuri EU-markkina ja uusi erillinen sähkösavukenesteen veroilmoitus mahdollistavat selkeän tulevan virallisen sarjan, kun aloituskatkos merkitään näkyvästi.",Spanish Tax Agency and Ministry of Finance,Espanjan verovirasto ja valtiovarainministeriö,"Monthly Model 573 aggregates from commencement by tax heading, millilitres or kilograms, tax base and revenue | Filer counts, refunds and opening-stock declaration aggregates | Definitions and a clear statement that the new tax series does not backfill 2018-2024","Model 573:n kuukausiaggregaatit veron alkamisesta alkaen veroluokan, millilitrojen tai kilogrammojen, veropohjan ja verotuoton mukaan | Ilmoittajien määrä, palautukset ja aloitusvaraston ilmoitusaggregaatit | Määritelmät ja selkeä vahvistus siitä, ettei uusi verosarja täydennä vuosia 2018-2024 takautuvasti",Spanish Transparency Portal access request,Espanjan avoimuusportaalin tietopyyntö,https://transparencia.gob.es/derecho-acceso/solicite-informacion-publica,"Law 19/2013 on transparency, access to public information and good governance","Laki 19/2013 avoimuudesta, julkisen tiedon saatavuudesta ja hyvästä hallinnosta",es,conditional,"The right is open generally, but the electronic portal requires Cl@ve authentication; postal, registry or consular filing is the non-local alternative.","Oikeus on yleinen, mutta sähköinen portaali edellyttää Cl@ve-tunnistautumista; posti-, rekisteri- tai konsulaattitoimitus on vaihtoehto ilman paikallista tunnistetta.",Ministry of Finance Model 573 procedure,Valtiovarainministeriön Model 573 -menettely,https://www.hacienda.gob.es/es-ES/El%20Ministerio/Paginas/Procedimientos%20administrativos/ProcAdministrativos.aspx?idProcAdmin=2339,https://www.hacienda.gob.es/DocLeyes/REPOSITORIO%20NORMATIVA/89310.htm,195,6,0,0,,2026-07-24
11,A11,1A,NL,Netherlands,Alankomaat,sent,sent,2026-07-23,,not_publicly_recorded,operational_evidence_acquisition_order,false,"Public EU-CEG product data and the Woo route enable product-stock, reporting-coverage and possible annual-sales requests.","Julkinen EU-CEG-tuotedata ja Woo-reitti mahdollistavat tuotekannan, raportointikattavuuden ja mahdollisen vuosimyynnin pyynnöt.",National Institute for Public Health and the Environment and Ministry of Health,Kansallinen kansanterveys- ja ympäristöinstituutti sekä terveysministeriö,"Active and withdrawn EU-CEG products by category and reporting year | Aggregate annual EU-CEG sales units or millilitres where held | Reporting entities, missingness, revisions and underlying aggregate tables from commissioned official market studies","Aktiiviset ja peruutetut EU-CEG-tuotteet tuoteryhmän ja raportointivuoden mukaan | Aggregoidut vuotuiset EU-CEG-myyntikappaleet tai millilitrat, jos tieto on hallussa | Raportoivat toimijat, puuttuvat tiedot, revisiot ja viranomaisten tilaamien markkinatutkimusten taustalla olevat aggregaattitaulukot",Open Government Act request guidance,Avoimen hallinnon lain pyyntöohje,https://www.rijksoverheid.nl/vraag-en-antwoord/wet-open-overheid-woo/hoe-dien-ik-een-woo-verzoek-in,"Open Government Act (Wet open overheid, Woo)","Avoimen hallinnon laki (Wet open overheid, Woo)",nl | en,not_required,Anyone may submit a Woo request; Dutch wording and a tightly described existing-record request will reduce routing and clarification delays.,Kuka tahansa voi tehdä Woo-pyynnön; hollanninkielinen ja tarkasti olemassa oleviin tietueisiin rajattu pyyntö vähentää siirto- ja täsmennysviiveitä.,RIVM published tobacco and vaping product data,RIVM:n julkaisema tupakka- ja höyrystystuotedata,https://www.rivm.nl/tabak/wat-zit-er-in-producten,https://www.rivm.nl/en/tobacco/information-for-suppliers/submit-product-information,195,6,0,0,,2026-07-24
12,A12,1A,FI,Finland,Suomi,sent,sent,2026-07-22,,registered_processing_notice_received,operational_evidence_acquisition_order,false,A Pixan-family Finnish publication and a statutory annual brand/type sales-reporting duty support a direct official evidence route.,Pixan-perheen Suomen julkaisu ja lakisääteinen vuosittainen merkki- ja tyyppikohtainen myyntiraportointi tukevat suoraa virallista evidenssireittiä.,Finnish Supervisory Agency,Lupa- ja valvontavirasto,"Aggregate annual sales volumes by product type in units and millilitres under section 27 of the Tobacco Act | Reporting-entity and product counts, missing or late submissions, suppressed cells and revisions | A separate Tax Administration extract of excise-declared millilitres, revenue, refunds and exports","Tupakkalain 27 §:n mukaiset aggregoidut vuotuiset myyntimäärät tuotetyypeittäin kappaleina ja millilitroina | Raportoivien toimijoiden ja tuotteiden määrät, puuttuvat tai myöhästyneet ilmoitukset, salatut solut ja revisiot | Verohallinnolta erillinen ote valmisteveroilmoitetuista millilitroista, verotuotosta, palautuksista ja viennistä",Finnish Supervisory Agency registry contact,Lupa- ja valvontaviraston kirjaamo,https://lvv.fi/yhteystiedot/tietopyynnot-ja-tutkimusluvat,Act on the Openness of Government Activities 621/1999,Laki viranomaisten toiminnan julkisuudesta 621/1999,fi | sv | en,not_required,"No nationality or residence condition applies to a public-record request. The national supervisory authority changed in 2026, so route the request to the Finnish Supervisory Agency rather than the former authority.","Julkisuuspyyntöön ei sovelleta kansalaisuus- tai asuinpaikkaehtoa. Kansallinen valvontaviranomainen vaihtui vuonna 2026, joten pyyntö osoitetaan Lupa- ja valvontavirastolle eikä aiemmalle viranomaiselle.",Finnish Tax Administration tobacco excise,Verohallinnon tupakkavero,https://www.vero.fi/yritykset-ja-yhteisot/verot-ja-maksut/valmisteverotus/tupakkavero/,https://www.finlex.fi/en/legislation/translations/2016/eng/549 | https://finlex.fi/en/legislation/collection/2025/717,195,6,0,0,,2026-07-24
13,B1,1B,DK,Denmark,Tanska,sent,sent,2026-07-23,,automated_receipt_acknowledged,operational_evidence_acquisition_order,false,"A Pixan-family Danish publication, mandatory annual EU-CEG sales reporting and downloadable official registries support a strong second-batch route.","Pixan-perheen Tanskan julkaisu, pakollinen EU-CEG-vuosimyyntiraportointi ja ladattavat viranomaisrekisterit tukevat vahvaa toista aaltoa.",Danish Business Authority and Danish Safety Technology Authority,Tanskan yritysvirasto ja turvallisuusteknologiavirasto,"Aggregate annual EU-CEG sales by product category in units and millilitres | Reporting-product and entity counts, late or missing reports, suppressed cells and revisions | Downloadable dated snapshots of product, retailer and distance-sales registries","Aggregoidut vuotuiset EU-CEG-myynnit tuoteryhmittäin kappaleina ja millilitroina | Raportoivien tuotteiden ja toimijoiden määrät, myöhästyneet tai puuttuvat raportit, salatut solut ja revisiot | Ladattavat päivätyt tilannekuvat tuote-, vähittäismyyjä- ja etämyyntirekistereistä",Danish Business Authority access-to-documents contact,Tanskan yritysviraston asiakirjapyyntöyhteys,https://erhvervsstyrelsen.dk/presse-kontakt,Access to Public Administration Files Act (Offentlighedsloven),Hallinnon asiakirjajulkisuuslaki (Offentlighedsloven),da | en,not_required,Any person may request access without a nationality or residence requirement; Danish wording is recommended for authority routing.,Kuka tahansa voi pyytää tietoja ilman kansalaisuus- tai asuinpaikkavaatimusta; tanskankielinen pyyntö on suositeltava viranomaisreititystä varten.,Danish Safety Technology Authority registries,Tanskan turvallisuusteknologiaviraston rekisterit,https://www.sik.dk/en/registre,https://www.sik.dk/en/node/936,195,6,0,0,,2026-07-24
14,B2,1B,JP,Japan,Japani,draft_not_sent,draft_not_sent,,,not_applicable,operational_evidence_acquisition_order,false,"A Pixan-family Japanese publication and detailed official customs data justify an early trade-based route, with nicotine-liquid permissions kept separate.","Pixan-perheen Japanin julkaisu ja yksityiskohtainen virallinen tullidata puoltavat varhaista kauppapohjaista reittiä, jossa nikotiininesteiden luvat pidetään erillään.",Japan Customs and Ministry of Finance,Japanin tulli ja valtiovarainministeriö,"Monthly trade for HS 8543.40 and relevant national nine-digit device and liquid codes by partner, value, quantity and unit | Classification descriptions and time-series breaks, especially before HS 2022 | From the health ministry separately: aggregate counts and recorded quantities of nicotine-liquid import confirmations or permissions","HS 8543.40:n ja asiaankuuluvien kansallisten yhdeksännumeroisten laite- ja nestekoodien kuukausikauppa kumppanin, arvon, määrän ja yksikön mukaan | Luokittelukuvaukset ja aikasarjakatkokset, erityisesti ennen HS 2022:ta | Terveysministeriöltä erikseen nikotiininesteiden tuontivahvistusten tai lupien aggregoidut määrät ja kirjatut volyymit",Ministry of Finance information-disclosure procedure,Valtiovarainministeriön tiedonluovutusmenettely,https://www.mof.go.jp/application-contact/procedure/disclosure_etc/disclosure/index.htm,Act on Access to Information Held by Administrative Organs,Hallintoelinten hallussa olevien tietojen saatavuutta koskeva laki,ja,recommended,"Any person may request disclosure, but filing is in Japanese, generally in writing or by post, and carries an administrative fee; local language support is recommended.","Kuka tahansa voi pyytää tietoja, mutta hakemus tehdään japaniksi, yleensä kirjallisesti tai postitse, ja siitä peritään hallinnollinen maksu; paikallinen kielituki on suositeltava.",Japan Customs Trade Statistics,Japanin tullin kauppatilastot,https://www.customs.go.jp/toukei/srch/indexe.htm,https://www.mhlw.go.jp/jouhou/koukai01/index.html,195,6,0,0,,2026-07-24
15,B3,1B,KR,South Korea,Etelä-Korea,draft_not_sent,draft_not_sent,,,not_applicable,operational_evidence_acquisition_order,false,A Pixan-family Korean publication and detailed HSK10 customs records support a precise device-and-liquid trade route.,Pixan-perheen Korean julkaisu ja yksityiskohtaiset HSK10-tullitiedot tukevat tarkkaa laite- ja nestekaupan reittiä.,Korea Customs Service,Korean tullipalvelu,"Monthly HSK10 trade for 85434010 and every national code expressly covering vaping devices or liquids | Value, quantity, statistical unit, origin or partner, and reported versus estimated flags | Seizures separately, with code definitions and classification changes","HSK10-koodin 85434010 ja kaikkien sähkösavukelaitteita tai -nesteitä nimenomaisesti kattavien kansallisten koodien kuukausikauppa | Arvo, määrä, tilastoyksikkö, alkuperä tai kumppani sekä ilmoitettu- ja arvioitu-merkinnät | Takavarikot erikseen sekä koodimääritelmät ja luokitusmuutokset",Korea Customs Service information-disclosure route,Korean tullipalvelun tiedonluovutusreitti,https://www.customs.go.kr/kcs/cm/cntnts/cntntsView.do?cntntsId=805&mi=3069,Official Information Disclosure Act,Virallisten tietojen julkistamislaki,ko,recommended,The disclosure route proceeds through the Korean open.go.kr system and may require locally usable authentication; Korean-language and local filing support are recommended.,Tiedonluovutusreitti kulkee Korean open.go.kr-järjestelmän kautta ja voi edellyttää paikallisesti käytettävää tunnistautumista; korean kieli ja paikallinen hakutuki ovat suositeltavia.,Korea Customs Service big-data import statistics,Korean tullipalvelun big data -tuontitilastot,https://bigdata.customs.go.kr/web/anaySrvc/selectImpStat.do,https://www.customs.go.kr/kcs/cm/cntnts/cntntsView.do?cntntsId=803&mi=3066,195,6,0,0,,2026-07-24
16,B4,1B,AU,Australia,Australia,sent,sent,2026-07-23,,not_publicly_recorded,operational_evidence_acquisition_order,false,"A Pixan-family Australian publication and a highly regulated lawful supply route allow notifications, lawful imports and illicit seizures to be measured separately.","Pixan-perheen Australian julkaisu ja tarkasti säännelty laillinen toimitusreitti mahdollistavat ilmoitusten, laillisen tuonnin ja laittomien takavarikkojen erillisen mittaamisen.",Therapeutic Goods Administration,Australian lääkevalvontaviranomainen,"Dated notified-vape-list snapshots and counts of products, sponsors and permitted importers | Aggregate notification, import or lawful pharmacy-supply quantities where held | Large-quantity surrender notifications, while keeping enforcement and lawful-market measures separate","Päivätyt notified vape list -tilannekuvat sekä tuotteiden, sponsoreiden ja sallittujen maahantuojien määrät | Aggregoidut ilmoitus-, tuonti- tai laillisen apteekkitoimituksen määrät, jos tieto on hallussa | Suurten määrien luovutusilmoitukset siten, että valvonta ja laillinen markkina pidetään erillään",TGA Freedom of Information route,TGA:n Freedom of Information -reitti,https://www.tga.gov.au/about-tga/freedom-information-foi,Freedom of Information Act 1982,Freedom of Information Act 1982,en,not_required,Any person may make an Australian FOI request without a residence or citizenship condition; commercial-confidentiality exemptions may still limit product-level data.,Kuka tahansa voi tehdä Australian FOI-pyynnön ilman asuinpaikka- tai kansalaisuusehtoa; kaupallisen luottamuksellisuuden poikkeukset voivat silti rajoittaa tuotetason tietoja.,Department of Home Affairs and Australian Border Force FOI,Sisäministeriön ja rajaviranomaisen FOI,https://www.homeaffairs.gov.au/access-and-accountability/freedom-of-information,https://www.tga.gov.au/products/unapproved-therapeutic-goods/therapeutic-vaping-goods/vaping-hub/notified-vape-list-goods-smoking-cessation-or-nicotine-dependence | https://www.oaic.gov.au/freedom-of-information/freedom-of-information-guidance-for-government-agencies/foi-guidelines/part-3-processing-and-deciding-requests-foi-access,195,6,0,0,,2026-07-24
17,B5,1B,RU,Russia,Venäjä,draft_not_sent,draft_not_sent,,,not_applicable,operational_evidence_acquisition_order,false,"A Pixan-family Russian publication and marking-system data may support unit and value evidence, but sanctions, access and legal-status risks require controlled handling.","Pixan-perheen Venäjän julkaisu ja merkintäjärjestelmän data voivat tukea kappale- ja arvonäyttöä, mutta pakote-, pääsy- ja oikeudelliset riskit edellyttävät hallittua käsittelyä.",Federal Tax Service of Russia,Venäjän liittovaltion veropalvelu,"Aggregate monthly retail withdrawals from the state marking system for nicotine liquids and electronic devices, in units and value | Excise base, excise revenue, filer and marking counts, refunds and exports | Customs imports and seizures separately, with definitions and coverage","Valtion merkintäjärjestelmän aggregoidut kuukausittaiset vähittäismyynnistä poistot nikotiininesteille ja sähkölaitteille kappaleina ja arvona | Valmisteveron peruste, verotuotto, ilmoittajien ja merkintöjen määrät, palautukset ja vienti | Tullituonti ja takavarikot erikseen sekä määritelmät ja kattavuus",Federal Tax Service request route,Liittovaltion veropalvelun pyyntöreitti,https://www.nalog.gov.ru/rn77/apply_fts/obr/,Federal Laws 8-FZ and 59-FZ,Liittovaltion lait 8-FZ ja 59-FZ,ru,conditional,"Electronic filing requires the ESIA system and will likely need local support. Perform sanctions, export-control, legal and payment-channel checks before any contact; this programme does not authorise contact.","Sähköinen hakemus edellyttää ESIA-järjestelmää ja todennäköisesti paikallista tukea. Tee pakote-, vientivalvonta-, oikeudellinen ja maksukanava-arvio ennen yhteydenottoa; tämä ohjelma ei valtuuta yhteydenottoon.",Federal Tax Service excise information,Liittovaltion veropalvelun valmisteverotiedot,https://www.nalog.gov.ru/rn77/taxation/taxes/akciz/,https://www.nalog.gov.ru/rn77/news/tax_doc_news/14947890/,195,6,0,0,,2026-07-24
18,B6,1B,BR,Brazil,Brasilia,draft_not_sent,draft_not_sent,,,not_applicable,operational_evidence_acquisition_order,false,"A Pixan-family Brazilian publication and a national prohibition make enforcement and trade evidence relevant, but they cannot be represented as lawful sales.","Pixan-perheen Brasilian julkaisu ja kansallinen kielto tekevät valvonta- ja kauppanäytöstä merkityksellistä, mutta niitä ei saa esittää laillisena myyntinä.",Brazilian Health Regulatory Agency and Federal Revenue Service,Brasilian terveysvalvontavirasto ja liittovaltion verohallinto,"Monthly seizures and destruction by state or port, units, weight and recorded or estimated value | Enforcement actions and methodology, without protected operational detail | Official NCM trade records where present, explicitly labelled as trade or enforcement rather than lawful domestic sales","Kuukausittaiset takavarikot ja hävitykset osavaltion tai sataman, kappaleiden, painon ja kirjatun tai arvioidun arvon mukaan | Valvontatoimet ja menetelmä ilman suojattuja operatiivisia yksityiskohtia | Viralliset NCM-kauppatiedot, jos niitä on, nimenomaisesti kauppa- tai valvontatietoina eikä laillisena kotimaan myyntinä",Fala.BR access-to-information service,Fala.BR-tietopyyntöpalvelu,https://www.gov.br/pt-br/servicos/registrar-solicitacao-de-acesso-a-informacao-na-plataforma-fala.br,Access to Information Law 12.527/2011,Tiedonsaantilaki 12.527/2011,pt,recommended,"The right is available broadly, but Fala.BR requires Gov.BR authentication. Local filing support is recommended, and prohibition means that seizures or imports must never be treated as lawful retail sales.","Oikeus on laaja, mutta Fala.BR edellyttää Gov.BR-tunnistautumista. Paikallinen hakutuki on suositeltava, eikä kiellon vuoksi takavarikkoja tai tuontia saa koskaan käsitellä laillisena vähittäismyyntinä.","Ministry of Development, Industry, Trade and Services, Comex Stat raw data","Kehitys-, teollisuus-, kauppa- ja palveluministeriön Comex Stat -raakadata",https://www.gov.br/mdic/pt-br/assuntos/comercio-exterior/estatisticas/base-de-dados-bruta,https://www.gov.br/anvisa/pt-br/assuntos/noticias-anvisa/2024/anvisa-atualiza-regulacao-de-cigarro-eletronico-e-mantem-proibicao,195,6,0,0,,2026-07-24
19,B7,1B,ID,Indonesia,Indonesia,draft_not_sent,draft_not_sent,,,not_applicable,operational_evidence_acquisition_order,false,"The excise system distinguishes several vaping-liquid forms and can support direct physical-volume and revenue evidence, subject to local requester eligibility.",Valmisteverojärjestelmä erottaa useita höyrystysnesteen muotoja ja voi tuottaa suoraa määrä- ja verotuottonäyttöä paikallisen pyytäjäkelpoisuuden rajoissa.,Directorate General of Customs and Excise,Indonesian tulli- ja valmisteverohallinto,"Monthly and annual excise releases for open-system, closed-system and cartridge or pod liquids in millilitres, cartridges or grams as recorded | Excise stamps, manufacturer and importer counts, revenue, refunds and exports | Imports and seizures separately, including nicotine and nicotine-free separation where held","Avoimen järjestelmän, suljetun järjestelmän sekä patruuna- tai podinesteiden kuukausittaiset ja vuosittaiset valmisteverolliset luovutukset kirjattuina millilitroina, patruunoina tai grammoina | Valmisteveromerkit, valmistajien ja maahantuojien määrät, verotuotto, palautukset ja vienti | Tuonti ja takavarikot erikseen sekä nikotiinillisten ja nikotiinittomien erottelu, jos tieto on hallussa",Customs and Excise PPID information service,Tulli- ja valmisteverohallinnon PPID-tietopalvelu,https://www.beacukai.go.id/halaman-utama-ppid,Law 14/2008 on Public Information Disclosure,Laki 14/2008 julkisen tiedon luovuttamisesta,id,required,"A formal PPID requester must be an Indonesian citizen or Indonesian legal entity. Use an eligible local partner and preserve the independent-research, aggregate-only scope.",Muodollisen PPID-pyytäjän on oltava Indonesian kansalainen tai indonesialainen oikeushenkilö. Käytä kelpoista paikallista kumppania ja säilytä riippumattoman tutkimuksen aggregoitu rajaus.,Statistics Indonesia,Indonesian tilastovirasto,https://www.bps.go.id/,https://jdih.kemenkeu.go.id/dok/63-pmk-03-2022/view,195,6,0,0,,2026-07-24
20,B8,1B,PH,Philippines,Filippiinit,draft_not_sent,draft_not_sent,,,not_applicable,operational_evidence_acquisition_order,false,"Excise returns and stamp records can support a direct lawful-market series, while customs records provide a separate enforcement check; citizen eligibility makes this a local-partner route.","Valmisteveroilmoitukset ja veromerkkitiedot voivat tukea suoraa laillisen markkinan sarjaa, ja tullitiedot tarjoavat erillisen valvontatarkistuksen; kansalaisuusrajaus tekee tästä paikallisen kumppanin reitin.",Bureau of Internal Revenue,Filippiinien verovirasto,"Monthly aggregate Form 2200-T excise base, units or millilitres and revenue by vaping-product category | Excise stamps ordered and issued, registered brand and manufacturer counts, refunds and exports | From Customs separately: imports and seizures in units, weight and recorded value","Form 2200-T:n kuukausittainen aggregoitu valmisteveropohja, kappaleet tai millilitrat ja verotuotto höyrystystuoteryhmittäin | Tilatut ja myönnetyt valmisteveromerkit, rekisteröityjen merkkien ja valmistajien määrät, palautukset ja vienti | Tullilta erikseen tuonti ja takavarikot kappaleina, painona ja kirjattuna arvona","Philippine eFOI portal, Bureau of Internal Revenue","Filippiinien eFOI-portaali, verovirasto",https://www.foi.gov.ph/agencies/bir/,"Executive Order No. 2, series of 2016","Toimeenpanomääräys nro 2, vuosi 2016",en | fil,required,The eFOI programme is available to Filipino citizens and requires valid identification. Use an eligible local requester and do not treat that person as a Pixan representative.,eFOI-ohjelma on Filippiinien kansalaisten käytettävissä ja edellyttää voimassa olevaa henkilöllisyystodistusta. Käytä kelpoista paikallista pyytäjää äläkä esitä häntä Pixanin edustajana.,Bureau of Customs eFOI route,Tulliviraston eFOI-reitti,https://www.foi.gov.ph/agencies/boc/,https://www.bir.gov.ph/foi | https://www.foi.gov.ph/faqs/,195,6,0,0,,2026-07-24
